RANK,PLAYER,%,FAIRWAYS HIT,POSSIBLE FAIRWAYS,Tournament
1,Brian Harman,85.71%,48,56,The RSM Classic
1,Carson Young,85.71%,48,56,The RSM Classic
3,Luke Clanton,83.93%,47,56,The RSM Classic
3,Joel Dahmen,83.93%,47,56,The RSM Classic
3,Lee Hodges,83.93%,47,56,The RSM Classic
3,Mark Hubbard,83.93%,47,56,The RSM Classic
7,Ryo Hisatsune,80.36%,45,56,The RSM Classic
7,Kelly Kraft,80.36%,45,56,The RSM Classic
7,William McGirt,80.36%,45,56,The RSM Classic
7,Henrik Norlander,80.36%,45,56,The RSM Classic
7,Sam Stevens,80.36%,45,56,The RSM Classic
7,Davis Thompson,80.36%,45,56,The RSM Classic
13,Daniel Berger,78.57%,44,56,The RSM Classic
13,Doug Ghim,78.57%,44,56,The RSM Classic
15,Lanto Griffin,76.79%,43,56,The RSM Classic
15,Joe Highsmith,76.79%,43,56,The RSM Classic
15,Michael Kim,76.79%,43,56,The RSM Classic
18,Stewart Cink,75.00%,42,56,The RSM Classic
18,Austin Eckroat,75.00%,42,56,The RSM Classic
18,Patrick Fishburn,75.00%,42,56,The RSM Classic
18,Taylor Moore,75.00%,42,56,The RSM Classic
18,Paul Peterson,75.00%,42,56,The RSM Classic
18,Adam Svensson,75.00%,42,56,The RSM Classic
24,Marcus Byrd,73.21%,41,56,The RSM Classic
24,Lucas Glover,73.21%,41,56,The RSM Classic
24,Philip Knowles,73.21%,41,56,The RSM Classic
24,Russell Knox,73.21%,41,56,The RSM Classic
24,Chandler Phillips,73.21%,41,56,The RSM Classic
24,Patrick Rodgers,73.21%,41,56,The RSM Classic
24,Austin Smotherman,73.21%,41,56,The RSM Classic
24,Kevin Yu,73.21%,41,56,The RSM Classic
32,Ben Griffin,71.43%,40,56,The RSM Classic
32,Martin Laird,71.43%,40,56,The RSM Classic
32,Hayden Springer,71.43%,40,56,The RSM Classic
32,Kevin Tway,71.43%,40,56,The RSM Classic
36,Nico Echavarria,69.64%,39,56,The RSM Classic
36,Adam Hadwin,69.64%,39,56,The RSM Classic
36,Maverick McNealy,69.64%,39,56,The RSM Classic
36,Robby Shelton,69.64%,39,56,The RSM Classic
,Field Average,68.04%,,,The RSM Classic
40,Patton Kizzire,67.86%,38,56,The RSM Classic
40,Denny McCarthy,67.86%,38,56,The RSM Classic
40,Matt Wallace,67.86%,38,56,The RSM Classic
43,Jonathan Byrd,66.07%,37,56,The RSM Classic
43,Adrien Dumont de Chassart,66.07%,37,56,The RSM Classic
43,Harris English,66.07%,37,56,The RSM Classic
43,Steven Fisk,66.07%,37,56,The RSM Classic
43,Garrick Higgo,66.07%,37,56,The RSM Classic
43,S.H. Kim,66.07%,37,56,The RSM Classic
43,J.T. Poston,66.07%,37,56,The RSM Classic
50,Tyson Alexander,64.29%,36,56,The RSM Classic
51,Bud Cauley,62.50%,35,56,The RSM Classic
51,Kevin Chappell,62.50%,35,56,The RSM Classic
51,Will Gordon,62.50%,35,56,The RSM Classic
51,Michael Thorbjornsen,62.50%,35,56,The RSM Classic
55,S.Y. Noh,60.71%,34,56,The RSM Classic
55,Brandon Wu,60.71%,34,56,The RSM Classic
57,Andrew Novak,58.93%,33,56,The RSM Classic
57,Vince Whaley,58.93%,33,56,The RSM Classic
59,Ludvig Åberg,57.14%,32,56,The RSM Classic
59,Joseph Bramlett,57.14%,32,56,The RSM Classic
59,Callum Tarren,57.14%,32,56,The RSM Classic
62,Blake McShea,55.36%,31,56,The RSM Classic
62,Martin Trainer,55.36%,31,56,The RSM Classic
64,Eric Cole,53.57%,30,56,The RSM Classic
64,Mackenzie Hughes,53.57%,30,56,The RSM Classic
66,Jake Knapp,51.79%,29,56,The RSM Classic
66,Taylor Montgomery,51.79%,29,56,The RSM Classic
66,Adam Schenk,51.79%,29,56,The RSM Classic
69,Christo Lamprecht,46.43%,26,56,The RSM Classic
1,Ryan Moore,75.00%,42,56,Butterfield Bermuda Championship
2,Pierceson Coody,69.64%,39,56,Butterfield Bermuda Championship
2,Ben Kohles,69.64%,39,56,Butterfield Bermuda Championship
2,William McGirt,69.64%,39,56,Butterfield Bermuda Championship
2,Sam Ryder,69.64%,39,56,Butterfield Bermuda Championship
6,Will Gordon,67.86%,38,56,Butterfield Bermuda Championship
6,Francesco Molinari,67.86%,38,56,Butterfield Bermuda Championship
8,Maverick McNealy,66.07%,37,56,Butterfield Bermuda Championship
9,Tyler Duncan,64.29%,36,56,Butterfield Bermuda Championship
9,David Lipsky,64.29%,36,56,Butterfield Bermuda Championship
9,Justin Lower,64.29%,36,56,Butterfield Bermuda Championship
9,Troy Merritt,64.29%,36,56,Butterfield Bermuda Championship
9,Austin Smotherman,64.29%,36,56,Butterfield Bermuda Championship
9,Carson Young,64.29%,36,56,Butterfield Bermuda Championship
15,Garrick Higgo,62.50%,35,56,Butterfield Bermuda Championship
15,Andrew Novak,62.50%,35,56,Butterfield Bermuda Championship
15,Greyson Sigg,62.50%,35,56,Butterfield Bermuda Championship
15,Alex Smalley,62.50%,35,56,Butterfield Bermuda Championship
15,Camilo Villegas,62.50%,35,56,Butterfield Bermuda Championship
15,Vince Whaley,62.50%,35,56,Butterfield Bermuda Championship
21,Hayden Buckley,60.71%,34,56,Butterfield Bermuda Championship
21,Rafael Campos,60.71%,34,56,Butterfield Bermuda Championship
21,Ben Griffin,60.71%,34,56,Butterfield Bermuda Championship
21,Chad Ramey,60.71%,34,56,Butterfield Bermuda Championship
21,Chez Reavie,60.71%,34,56,Butterfield Bermuda Championship
26,Egor Eroshenko,58.93%,33,56,Butterfield Bermuda Championship
26,Rico Hoey,58.93%,33,56,Butterfield Bermuda Championship
26,S.Y. Noh,58.93%,33,56,Butterfield Bermuda Championship
26,Sam Stevens,58.93%,33,56,Butterfield Bermuda Championship
26,Nick Watney,58.93%,33,56,Butterfield Bermuda Championship
26,Tom Whitney,58.93%,33,56,Butterfield Bermuda Championship
26,Norman Xiong,58.93%,33,56,Butterfield Bermuda Championship
33,Connor Jones,57.14%,32,56,Butterfield Bermuda Championship
33,S.H. Kim,57.14%,32,56,Butterfield Bermuda Championship
33,Richy Werenski,57.14%,32,56,Butterfield Bermuda Championship
36,Trace Crowe,55.36%,31,56,Butterfield Bermuda Championship
36,Nico Echavarria,55.36%,31,56,Butterfield Bermuda Championship
36,Lucas Glover,55.36%,31,56,Butterfield Bermuda Championship
36,Seamus Power,55.36%,31,56,Butterfield Bermuda Championship
36,Hayden Springer,55.36%,31,56,Butterfield Bermuda Championship
,Field Average,54.84%,,,Butterfield Bermuda Championship
41,Chris Baker,53.57%,30,56,Butterfield Bermuda Championship
41,Michael Kim,53.57%,30,56,Butterfield Bermuda Championship
41,Henrik Norlander,53.57%,30,56,Butterfield Bermuda Championship
41,Callum Tarren,53.57%,30,56,Butterfield Bermuda Championship
41,Dylan Wu,53.57%,30,56,Butterfield Bermuda Championship
46,Ryo Hisatsune,51.79%,29,56,Butterfield Bermuda Championship
46,Mackenzie Hughes,51.79%,29,56,Butterfield Bermuda Championship
46,Kevin Kisner,51.79%,29,56,Butterfield Bermuda Championship
46,Martin Laird,51.79%,29,56,Butterfield Bermuda Championship
46,Robby Shelton,51.79%,29,56,Butterfield Bermuda Championship
46,Ben Taylor,51.79%,29,56,Butterfield Bermuda Championship
46,Brendon Todd,51.79%,29,56,Butterfield Bermuda Championship
53,Aaron Baddeley,50.00%,28,56,Butterfield Bermuda Championship
53,Daniel Berger,50.00%,28,56,Butterfield Bermuda Championship
53,Ben Crane,50.00%,28,56,Butterfield Bermuda Championship
53,Adrien Dumont de Chassart,50.00%,28,56,Butterfield Bermuda Championship
53,Mark Hubbard,50.00%,28,56,Butterfield Bermuda Championship
53,Russell Knox,50.00%,28,56,Butterfield Bermuda Championship
53,Patrick Rodgers,50.00%,28,56,Butterfield Bermuda Championship
53,Matti Schmid,50.00%,28,56,Butterfield Bermuda Championship
53,David Skinns,50.00%,28,56,Butterfield Bermuda Championship
62,Joseph Bramlett,48.21%,27,56,Butterfield Bermuda Championship
62,Wesley Bryan,48.21%,27,56,Butterfield Bermuda Championship
62,Kevin Chappell,48.21%,27,56,Butterfield Bermuda Championship
62,"Blaine Hale, Jr.",48.21%,27,56,Butterfield Bermuda Championship
66,Jacob Bridgeman,46.43%,26,56,Butterfield Bermuda Championship
66,Kevin Dougherty,46.43%,26,56,Butterfield Bermuda Championship
66,Lanto Griffin,46.43%,26,56,Butterfield Bermuda Championship
66,Robert Streb,46.43%,26,56,Butterfield Bermuda Championship
66,Carl Yuan,46.43%,26,56,Butterfield Bermuda Championship
71,Christo Lamprecht,44.64%,25,56,Butterfield Bermuda Championship
71,Brandon Wu,44.64%,25,56,Butterfield Bermuda Championship
73,Tyson Alexander,41.07%,23,56,Butterfield Bermuda Championship
74,Jhonattan Vegas,39.29%,22,56,Butterfield Bermuda Championship
75,Cody Gribble,33.93%,19,56,Butterfield Bermuda Championship
1,Nico Echavarria,96.43%,54,56,World Wide Technology Championship
1,Harris English,96.43%,54,56,World Wide Technology Championship
1,Joe Highsmith,96.43%,54,56,World Wide Technology Championship
1,Matt Kuchar,96.43%,54,56,World Wide Technology Championship
1,David Lipsky,96.43%,54,56,World Wide Technology Championship
1,David Skinns,96.43%,54,56,World Wide Technology Championship
1,Justin Suh,96.43%,54,56,World Wide Technology Championship
1,Danny Willett,96.43%,54,56,World Wide Technology Championship
9,"Blaine Hale, Jr.",94.64%,53,56,World Wide Technology Championship
9,Nate Lashley,94.64%,53,56,World Wide Technology Championship
9,Justin Lower,94.64%,53,56,World Wide Technology Championship
9,Sam Ryder,94.64%,53,56,World Wide Technology Championship
9,Brandon Wu,94.64%,53,56,World Wide Technology Championship
9,Carson Young,94.64%,53,56,World Wide Technology Championship
15,Patrick Fishburn,92.86%,52,56,World Wide Technology Championship
15,Ryan Gerard,92.86%,52,56,World Wide Technology Championship
15,Chesson Hadley,92.86%,52,56,World Wide Technology Championship
15,Rico Hoey,92.86%,52,56,World Wide Technology Championship
15,Tom Hoge,92.86%,52,56,World Wide Technology Championship
15,Kelly Kraft,92.86%,52,56,World Wide Technology Championship
15,Ryan McCormick,92.86%,52,56,World Wide Technology Championship
15,Henrik Norlander,92.86%,52,56,World Wide Technology Championship
15,Chandler Phillips,92.86%,52,56,World Wide Technology Championship
15,Patrick Rodgers,92.86%,52,56,World Wide Technology Championship
15,Alex Smalley,92.86%,52,56,World Wide Technology Championship
15,Kevin Streelman,92.86%,52,56,World Wide Technology Championship
15,Adam Svensson,92.86%,52,56,World Wide Technology Championship
15,Tom Whitney,92.86%,52,56,World Wide Technology Championship
29,Zach Bauchou,91.07%,51,56,World Wide Technology Championship
29,Daniel Berger,91.07%,51,56,World Wide Technology Championship
29,Zac Blair,91.07%,51,56,World Wide Technology Championship
29,Ryan Brehm,91.07%,51,56,World Wide Technology Championship
29,Jacob Bridgeman,91.07%,51,56,World Wide Technology Championship
29,Joel Dahmen,91.07%,51,56,World Wide Technology Championship
29,Austin Eckroat,91.07%,51,56,World Wide Technology Championship
29,Martin Laird,91.07%,51,56,World Wide Technology Championship
29,Josh Teater,91.07%,51,56,World Wide Technology Championship
38,Tyson Alexander,89.29%,50,56,World Wide Technology Championship
38,Kevin Chappell,89.29%,50,56,World Wide Technology Championship
38,Ben Griffin,89.29%,50,56,World Wide Technology Championship
38,Harry Hall,89.29%,50,56,World Wide Technology Championship
38,Nick Hardy,89.29%,50,56,World Wide Technology Championship
38,Charley Hoffman,89.29%,50,56,World Wide Technology Championship
38,Beau Hossler,89.29%,50,56,World Wide Technology Championship
38,Michael Kim,89.29%,50,56,World Wide Technology Championship
,Field Average,88.93%,,,World Wide Technology Championship
46,Lucas Glover,87.50%,49,56,World Wide Technology Championship
46,Max Greyserman,87.50%,49,56,World Wide Technology Championship
46,Lanto Griffin,87.50%,49,56,World Wide Technology Championship
46,Hayden Springer,87.50%,49,56,World Wide Technology Championship
46,Sam Stevens,87.50%,49,56,World Wide Technology Championship
46,Kevin Tway,87.50%,49,56,World Wide Technology Championship
46,Dylan Wu,87.50%,49,56,World Wide Technology Championship
53,Doug Ghim,85.71%,48,56,World Wide Technology Championship
53,Harry Higgs,85.71%,48,56,World Wide Technology Championship
53,S.Y. Noh,85.71%,48,56,World Wide Technology Championship
53,Chad Ramey,85.71%,48,56,World Wide Technology Championship
53,J.J. Spaun,85.71%,48,56,World Wide Technology Championship
53,Vince Whaley,85.71%,48,56,World Wide Technology Championship
59,Aaron Baddeley,83.93%,47,56,World Wide Technology Championship
59,Joseph Bramlett,83.93%,47,56,World Wide Technology Championship
59,Wesley Bryan,83.93%,47,56,World Wide Technology Championship
59,Garrick Higgo,83.93%,47,56,World Wide Technology Championship
59,Maverick McNealy,83.93%,47,56,World Wide Technology Championship
64,Luke List,82.14%,46,56,World Wide Technology Championship
64,Taylor Montgomery,82.14%,46,56,World Wide Technology Championship
64,Erik van Rooyen,82.14%,46,56,World Wide Technology Championship
67,Robby Shelton,80.36%,45,56,World Wide Technology Championship
1,C.T. Pan,73.08%,38,52,ZOZO CHAMPIONSHIP
2,Shugo Imahira,69.23%,36,52,ZOZO CHAMPIONSHIP
3,Takumi Kanaya,67.31%,35,52,ZOZO CHAMPIONSHIP
3,Yuto Katsuragawa,67.31%,35,52,ZOZO CHAMPIONSHIP
3,Seamus Power,67.31%,35,52,ZOZO CHAMPIONSHIP
3,Nick Taylor,67.31%,35,52,ZOZO CHAMPIONSHIP
7,Lee Hodges,65.38%,34,52,ZOZO CHAMPIONSHIP
7,Rico Hoey,65.38%,34,52,ZOZO CHAMPIONSHIP
7,Satoshi Kodaira,65.38%,34,52,ZOZO CHAMPIONSHIP
7,Adam Svensson,65.38%,34,52,ZOZO CHAMPIONSHIP
7,Kevin Yu,65.38%,34,52,ZOZO CHAMPIONSHIP
12,Kensei Hirata,63.46%,33,52,ZOZO CHAMPIONSHIP
12,Beau Hossler,63.46%,33,52,ZOZO CHAMPIONSHIP
12,Sungjae Im,63.46%,33,52,ZOZO CHAMPIONSHIP
12,Si Woo Kim,63.46%,33,52,ZOZO CHAMPIONSHIP
12,Luke List,63.46%,33,52,ZOZO CHAMPIONSHIP
12,J.J. Spaun,63.46%,33,52,ZOZO CHAMPIONSHIP
18,Nico Echavarria,61.54%,32,52,ZOZO CHAMPIONSHIP
18,Rickie Fowler,61.54%,32,52,ZOZO CHAMPIONSHIP
18,Doug Ghim,61.54%,32,52,ZOZO CHAMPIONSHIP
18,Ben Griffin,61.54%,32,52,ZOZO CHAMPIONSHIP
18,Max Homa,61.54%,32,52,ZOZO CHAMPIONSHIP
18,Mark Hubbard,61.54%,32,52,ZOZO CHAMPIONSHIP
18,Matt Kuchar,61.54%,32,52,ZOZO CHAMPIONSHIP
18,Collin Morikawa,61.54%,32,52,ZOZO CHAMPIONSHIP
18,Chandler Phillips,61.54%,32,52,ZOZO CHAMPIONSHIP
18,Chad Ramey,61.54%,32,52,ZOZO CHAMPIONSHIP
18,Sam Stevens,61.54%,32,52,ZOZO CHAMPIONSHIP
18,Gary Woodland,61.54%,32,52,ZOZO CHAMPIONSHIP
30,Joel Dahmen,59.62%,31,52,ZOZO CHAMPIONSHIP
30,Charley Hoffman,59.62%,31,52,ZOZO CHAMPIONSHIP
30,Ben Kohles,59.62%,31,52,ZOZO CHAMPIONSHIP
30,Yuta Sugiura,59.62%,31,52,ZOZO CHAMPIONSHIP
30,Ren Yonezawa,59.62%,31,52,ZOZO CHAMPIONSHIP
35,Chan Kim,57.69%,30,52,ZOZO CHAMPIONSHIP
35,Takashi Ogiso,57.69%,30,52,ZOZO CHAMPIONSHIP
35,Andrew Putnam,57.69%,30,52,ZOZO CHAMPIONSHIP
35,Ben Silverman,57.69%,30,52,ZOZO CHAMPIONSHIP
,Field Average,55.99%,,,ZOZO CHAMPIONSHIP
39,Harry Hall,55.77%,29,52,ZOZO CHAMPIONSHIP
39,Takahiro Hataji,55.77%,29,52,ZOZO CHAMPIONSHIP
39,Kurt Kitayama,55.77%,29,52,ZOZO CHAMPIONSHIP
39,Patrick Rodgers,55.77%,29,52,ZOZO CHAMPIONSHIP
39,Adam Schenk,55.77%,29,52,ZOZO CHAMPIONSHIP
39,Taisei Shimizu,55.77%,29,52,ZOZO CHAMPIONSHIP
45,Zac Blair,53.85%,28,52,ZOZO CHAMPIONSHIP
45,Eric Cole,53.85%,28,52,ZOZO CHAMPIONSHIP
45,Justin Lower,53.85%,28,52,ZOZO CHAMPIONSHIP
45,Mac Meissner,53.85%,28,52,ZOZO CHAMPIONSHIP
45,Taylor Moore,53.85%,28,52,ZOZO CHAMPIONSHIP
45,Andrew Novak,53.85%,28,52,ZOZO CHAMPIONSHIP
45,Victor Perez,53.85%,28,52,ZOZO CHAMPIONSHIP
45,Justin Thomas,53.85%,28,52,ZOZO CHAMPIONSHIP
45,Carson Young,53.85%,28,52,ZOZO CHAMPIONSHIP
54,S.H. Kim,51.92%,27,52,ZOZO CHAMPIONSHIP
54,Ryosuke Kinoshita,51.92%,27,52,ZOZO CHAMPIONSHIP
54,Will Zalatoris,51.92%,27,52,ZOZO CHAMPIONSHIP
57,Ryan Fox,50.00%,26,52,ZOZO CHAMPIONSHIP
57,Ryo Hisatsune,50.00%,26,52,ZOZO CHAMPIONSHIP
57,K.H. Lee,50.00%,26,52,ZOZO CHAMPIONSHIP
57,Davis Riley,50.00%,26,52,ZOZO CHAMPIONSHIP
61,Max Greyserman,48.08%,25,52,ZOZO CHAMPIONSHIP
61,Ryo Ishikawa,48.08%,25,52,ZOZO CHAMPIONSHIP
61,Kaito Onishi,48.08%,25,52,ZOZO CHAMPIONSHIP
64,Patrick Fishburn,46.15%,24,52,ZOZO CHAMPIONSHIP
64,Xander Schauffele,46.15%,24,52,ZOZO CHAMPIONSHIP
64,Brendon Todd,46.15%,24,52,ZOZO CHAMPIONSHIP
67,Chris Gotterup,44.23%,23,52,ZOZO CHAMPIONSHIP
67,Tom Hoge,44.23%,23,52,ZOZO CHAMPIONSHIP
67,Naoyuki Kataoka,44.23%,23,52,ZOZO CHAMPIONSHIP
67,David Skinns,44.23%,23,52,ZOZO CHAMPIONSHIP
67,Sahith Theegala,44.23%,23,52,ZOZO CHAMPIONSHIP
67,Jhonattan Vegas,44.23%,23,52,ZOZO CHAMPIONSHIP
73,Nate Lashley,42.31%,22,52,ZOZO CHAMPIONSHIP
73,Hideki Matsuyama,42.31%,22,52,ZOZO CHAMPIONSHIP
75,Hiroshi Iwata,40.38%,21,52,ZOZO CHAMPIONSHIP
75,Sami Valimaki,40.38%,21,52,ZOZO CHAMPIONSHIP
77,Min Woo Lee,36.54%,19,52,ZOZO CHAMPIONSHIP
1,Taylor Pendrith,75.00%,42,56,Shriners Children's Open
2,Doug Ghim,73.21%,41,56,Shriners Children's Open
2,Dan McCarthy,73.21%,41,56,Shriners Children's Open
4,Scott Piercy,71.43%,40,56,Shriners Children's Open
5,Joseph Bramlett,69.64%,39,56,Shriners Children's Open
6,Rickie Fowler,67.86%,38,56,Shriners Children's Open
6,Ian Gilligan,67.86%,38,56,Shriners Children's Open
6,Chad Ramey,67.86%,38,56,Shriners Children's Open
6,Matti Schmid,67.86%,38,56,Shriners Children's Open
6,Neal Shipley,67.86%,38,56,Shriners Children's Open
6,Greyson Sigg,67.86%,38,56,Shriners Children's Open
6,J.J. Spaun,67.86%,38,56,Shriners Children's Open
13,Bud Cauley,66.07%,37,56,Shriners Children's Open
13,Patrick Fishburn,66.07%,37,56,Shriners Children's Open
13,Lanto Griffin,66.07%,37,56,Shriners Children's Open
13,Rico Hoey,66.07%,37,56,Shriners Children's Open
13,Mark Hubbard,66.07%,37,56,Shriners Children's Open
13,Nate Lashley,66.07%,37,56,Shriners Children's Open
13,K.H. Lee,66.07%,37,56,Shriners Children's Open
13,Luke List,66.07%,37,56,Shriners Children's Open
13,Ryan Moore,66.07%,37,56,Shriners Children's Open
13,C.T. Pan,66.07%,37,56,Shriners Children's Open
23,Daniel Berger,64.29%,36,56,Shriners Children's Open
23,Chris Gotterup,64.29%,36,56,Shriners Children's Open
23,Michael Kim,64.29%,36,56,Shriners Children's Open
23,Taylor Moore,64.29%,36,56,Shriners Children's Open
23,Davis Thompson,64.29%,36,56,Shriners Children's Open
28,Jacob Bridgeman,62.50%,35,56,Shriners Children's Open
28,Harris English,62.50%,35,56,Shriners Children's Open
28,Ryan Fox,62.50%,35,56,Shriners Children's Open
28,David Lipsky,62.50%,35,56,Shriners Children's Open
28,Francesco Molinari,62.50%,35,56,Shriners Children's Open
28,Gary Woodland,62.50%,35,56,Shriners Children's Open
34,Kurt Kitayama,60.71%,34,56,Shriners Children's Open
34,Matt Kuchar,60.71%,34,56,Shriners Children's Open
34,Maverick McNealy,60.71%,34,56,Shriners Children's Open
34,J.T. Poston,60.71%,34,56,Shriners Children's Open
34,Andrew Putnam,60.71%,34,56,Shriners Children's Open
,Field Average,58.96%,,,Shriners Children's Open
39,Tyler Duncan,58.93%,33,56,Shriners Children's Open
39,Joe Highsmith,58.93%,33,56,Shriners Children's Open
39,S.H. Kim,58.93%,33,56,Shriners Children's Open
39,Ryan McCormick,58.93%,33,56,Shriners Children's Open
39,Nick Taylor,58.93%,33,56,Shriners Children's Open
39,Alejandro Tosti,58.93%,33,56,Shriners Children's Open
45,Pierceson Coody,57.14%,32,56,Shriners Children's Open
45,Ben Silverman,57.14%,32,56,Shriners Children's Open
45,Ben Taylor,57.14%,32,56,Shriners Children's Open
45,Jhonattan Vegas,57.14%,32,56,Shriners Children's Open
49,Beau Hossler,55.36%,31,56,Shriners Children's Open
49,Camilo Villegas,55.36%,31,56,Shriners Children's Open
51,Wilson Furr,53.57%,30,56,Shriners Children's Open
51,Garrick Higgo,53.57%,30,56,Shriners Children's Open
51,Alex Smalley,53.57%,30,56,Shriners Children's Open
54,Trace Crowe,51.79%,29,56,Shriners Children's Open
54,Austin Eckroat,51.79%,29,56,Shriners Children's Open
54,Nicolo Galletti,51.79%,29,56,Shriners Children's Open
54,Adam Schenk,51.79%,29,56,Shriners Children's Open
54,Sam Stevens,51.79%,29,56,Shriners Children's Open
54,Vince Whaley,51.79%,29,56,Shriners Children's Open
60,Davis Riley,50.00%,28,56,Shriners Children's Open
61,Zac Blair,48.21%,27,56,Shriners Children's Open
62,Harry Hall,46.43%,26,56,Shriners Children's Open
62,David Skinns,46.43%,26,56,Shriners Children's Open
62,Justin Suh,46.43%,26,56,Shriners Children's Open
62,Norman Xiong,46.43%,26,56,Shriners Children's Open
66,Erik van Rooyen,44.64%,25,56,Shriners Children's Open
1,Joel Dahmen,94.64%,53,56,Black Desert Championship
1,Will Gordon,94.64%,53,56,Black Desert Championship
1,Chez Reavie,94.64%,53,56,Black Desert Championship
1,Kevin Streelman,94.64%,53,56,Black Desert Championship
5,Nick Hardy,92.86%,52,56,Black Desert Championship
5,Ben Kohles,92.86%,52,56,Black Desert Championship
5,Dylan Wu,92.86%,52,56,Black Desert Championship
8,Alexander Björk,91.07%,51,56,Black Desert Championship
8,Zac Blair,91.07%,51,56,Black Desert Championship
8,Cameron Champ,91.07%,51,56,Black Desert Championship
8,Lee Hodges,91.07%,51,56,Black Desert Championship
8,Chan Kim,91.07%,51,56,Black Desert Championship
8,Max McGreevy,91.07%,51,56,Black Desert Championship
8,Seamus Power,91.07%,51,56,Black Desert Championship
8,Carson Young,91.07%,51,56,Black Desert Championship
16,Tyler Duncan,89.29%,50,56,Black Desert Championship
16,Rico Hoey,89.29%,50,56,Black Desert Championship
16,Stephan Jaeger,89.29%,50,56,Black Desert Championship
16,Chris Kirk,89.29%,50,56,Black Desert Championship
16,Matti Schmid,89.29%,50,56,Black Desert Championship
16,Roger Sloan,89.29%,50,56,Black Desert Championship
16,Carl Yuan,89.29%,50,56,Black Desert Championship
23,Wesley Bryan,87.50%,49,56,Black Desert Championship
23,Lanto Griffin,87.50%,49,56,Black Desert Championship
23,Raul Pereda,87.50%,49,56,Black Desert Championship
23,Greyson Sigg,87.50%,49,56,Black Desert Championship
23,Alex Smalley,87.50%,49,56,Black Desert Championship
23,Justin Suh,87.50%,49,56,Black Desert Championship
23,Nick Taylor,87.50%,49,56,Black Desert Championship
23,Kevin Tway,87.50%,49,56,Black Desert Championship
23,Tom Whitney,87.50%,49,56,Black Desert Championship
32,Harris English,85.71%,48,56,Black Desert Championship
32,Doug Ghim,85.71%,48,56,Black Desert Championship
32,Joe Highsmith,85.71%,48,56,Black Desert Championship
32,Patton Kizzire,85.71%,48,56,Black Desert Championship
32,Nate Lashley,85.71%,48,56,Black Desert Championship
32,K.H. Lee,85.71%,48,56,Black Desert Championship
32,Mac Meissner,85.71%,48,56,Black Desert Championship
32,Trey Mullinax,85.71%,48,56,Black Desert Championship
32,J.J. Spaun,85.71%,48,56,Black Desert Championship
,Field Average,84.05%,,,Black Desert Championship
41,Jacob Bridgeman,83.93%,47,56,Black Desert Championship
41,Harry Hall,83.93%,47,56,Black Desert Championship
41,Henrik Norlander,83.93%,47,56,Black Desert Championship
44,Tyson Alexander,82.14%,46,56,Black Desert Championship
44,Ryan Fox,82.14%,46,56,Black Desert Championship
44,Ben Griffin,82.14%,46,56,Black Desert Championship
44,Scott Piercy,82.14%,46,56,Black Desert Championship
44,Chad Ramey,82.14%,46,56,Black Desert Championship
44,Patrick Rodgers,82.14%,46,56,Black Desert Championship
44,Adam Svensson,82.14%,46,56,Black Desert Championship
44,Erik van Rooyen,82.14%,46,56,Black Desert Championship
52,Daniel Berger,80.36%,45,56,Black Desert Championship
52,Lucas Glover,80.36%,45,56,Black Desert Championship
52,Chesson Hadley,80.36%,45,56,Black Desert Championship
52,Beau Hossler,80.36%,45,56,Black Desert Championship
52,S.H. Kim,80.36%,45,56,Black Desert Championship
52,Philip Knowles,80.36%,45,56,Black Desert Championship
52,Sam Ryder,80.36%,45,56,Black Desert Championship
59,Joseph Bramlett,78.57%,44,56,Black Desert Championship
59,Nico Echavarria,78.57%,44,56,Black Desert Championship
59,Wilson Furr,78.57%,44,56,Black Desert Championship
59,Norman Xiong,78.57%,44,56,Black Desert Championship
63,Erik Barnes,76.79%,43,56,Black Desert Championship
63,Ryo Hisatsune,76.79%,43,56,Black Desert Championship
65,Trace Crowe,75.00%,42,56,Black Desert Championship
65,Matt McCarty,75.00%,42,56,Black Desert Championship
67,Vince Whaley,73.21%,41,56,Black Desert Championship
68,Alejandro Tosti,71.43%,40,56,Black Desert Championship
69,Kurt Kitayama,66.07%,37,56,Black Desert Championship
1,Daniel Berger,75.00%,42,56,Sanderson Farms Championship
1,Lucas Glover,75.00%,42,56,Sanderson Farms Championship
3,Matt McCarty,69.64%,39,56,Sanderson Farms Championship
4,Beau Hossler,66.07%,37,56,Sanderson Farms Championship
5,Brandt Snedeker,64.29%,36,56,Sanderson Farms Championship
6,Emiliano Grillo,62.50%,35,56,Sanderson Farms Championship
6,Charley Hoffman,62.50%,35,56,Sanderson Farms Championship
6,Matt NeSmith,62.50%,35,56,Sanderson Farms Championship
9,Rickie Fowler,60.71%,34,56,Sanderson Farms Championship
9,Henrik Norlander,60.71%,34,56,Sanderson Farms Championship
9,Seamus Power,60.71%,34,56,Sanderson Farms Championship
9,Brandon Wu,60.71%,34,56,Sanderson Farms Championship
9,Carson Young,60.71%,34,56,Sanderson Farms Championship
14,Chan Kim,58.93%,33,56,Sanderson Farms Championship
14,Sam Stevens,58.93%,33,56,Sanderson Farms Championship
16,Brice Garnett,57.14%,32,56,Sanderson Farms Championship
16,Nick Hardy,57.14%,32,56,Sanderson Farms Championship
16,Lee Hodges,57.14%,32,56,Sanderson Farms Championship
16,Ben Kohles,57.14%,32,56,Sanderson Farms Championship
16,Andrew Novak,57.14%,32,56,Sanderson Farms Championship
16,Chandler Phillips,57.14%,32,56,Sanderson Farms Championship
16,Matti Schmid,57.14%,32,56,Sanderson Farms Championship
16,Kevin Streelman,57.14%,32,56,Sanderson Farms Championship
16,Jhonattan Vegas,57.14%,32,56,Sanderson Farms Championship
25,Wesley Bryan,55.36%,31,56,Sanderson Farms Championship
25,Rico Hoey,55.36%,31,56,Sanderson Farms Championship
25,Patton Kizzire,55.36%,31,56,Sanderson Farms Championship
25,Mac Meissner,55.36%,31,56,Sanderson Farms Championship
25,Alex Smalley,55.36%,31,56,Sanderson Farms Championship
25,Austin Smotherman,55.36%,31,56,Sanderson Farms Championship
31,Mark Hubbard,53.57%,30,56,Sanderson Farms Championship
31,Mackenzie Hughes,53.57%,30,56,Sanderson Farms Championship
31,Martin Laird,53.57%,30,56,Sanderson Farms Championship
31,K.H. Lee,53.57%,30,56,Sanderson Farms Championship
31,Michael Thorbjornsen,53.57%,30,56,Sanderson Farms Championship
36,Jacob Bridgeman,51.79%,29,56,Sanderson Farms Championship
36,Nate Lashley,51.79%,29,56,Sanderson Farms Championship
36,Taylor Moore,51.79%,29,56,Sanderson Farms Championship
36,Trey Mullinax,51.79%,29,56,Sanderson Farms Championship
36,Kevin Yu,51.79%,29,56,Sanderson Farms Championship
,Field Average,51.57%,,,Sanderson Farms Championship
41,Bud Cauley,50.00%,28,56,Sanderson Farms Championship
41,Trace Crowe,50.00%,28,56,Sanderson Farms Championship
41,Patrick Fishburn,50.00%,28,56,Sanderson Farms Championship
41,Ryan Fox,50.00%,28,56,Sanderson Farms Championship
41,Chesson Hadley,50.00%,28,56,Sanderson Farms Championship
41,Ryan Hall,50.00%,28,56,Sanderson Farms Championship
41,Joe Highsmith,50.00%,28,56,Sanderson Farms Championship
41,Stephan Jaeger,50.00%,28,56,Sanderson Farms Championship
41,Roger Sloan,50.00%,28,56,Sanderson Farms Championship
41,Gary Woodland,50.00%,28,56,Sanderson Farms Championship
51,Nick Dunlap,48.21%,27,56,Sanderson Farms Championship
51,Will Gordon,48.21%,27,56,Sanderson Farms Championship
51,Nicholas Lindheim,48.21%,27,56,Sanderson Farms Championship
54,Bill Haas,46.43%,26,56,Sanderson Farms Championship
54,Sami Valimaki,46.43%,26,56,Sanderson Farms Championship
54,Vince Whaley,46.43%,26,56,Sanderson Farms Championship
57,Doug Ghim,44.64%,25,56,Sanderson Farms Championship
57,Luke List,44.64%,25,56,Sanderson Farms Championship
57,Callum Tarren,44.64%,25,56,Sanderson Farms Championship
60,Paul Barjon,42.86%,24,56,Sanderson Farms Championship
60,Eric Cole,42.86%,24,56,Sanderson Farms Championship
60,Adrien Dumont de Chassart,42.86%,24,56,Sanderson Farms Championship
60,Keith Mitchell,42.86%,24,56,Sanderson Farms Championship
64,Joseph Bramlett,41.07%,23,56,Sanderson Farms Championship
65,Ben Griffin,39.29%,22,56,Sanderson Farms Championship
66,Hayden Springer,35.71%,20,56,Sanderson Farms Championship
67,Justin Lower,33.93%,19,56,Sanderson Farms Championship
68,David Skinns,30.36%,17,56,Sanderson Farms Championship
1,Brendon Todd,66.07%,37,56,Procore Championship
2,Andrew Putnam,64.29%,36,56,Procore Championship
3,Roger Sloan,60.71%,34,56,Procore Championship
3,Austin Smotherman,60.71%,34,56,Procore Championship
5,Sangmoon Bae,58.93%,33,56,Procore Championship
5,Matt Kuchar,58.93%,33,56,Procore Championship
7,Chez Reavie,57.14%,32,56,Procore Championship
7,Ben Silverman,57.14%,32,56,Procore Championship
9,Corey Conners,55.36%,31,56,Procore Championship
9,Rico Hoey,55.36%,31,56,Procore Championship
9,Patton Kizzire,55.36%,31,56,Procore Championship
9,Greyson Sigg,55.36%,31,56,Procore Championship
13,Zac Blair,53.57%,30,56,Procore Championship
13,Luke Clanton,53.57%,30,56,Procore Championship
13,Brandon Wu,53.57%,30,56,Procore Championship
16,Chan Kim,51.79%,29,56,Procore Championship
16,Ben Kohles,51.79%,29,56,Procore Championship
16,Henrik Norlander,51.79%,29,56,Procore Championship
16,Neal Shipley,51.79%,29,56,Procore Championship
20,Pierceson Coody,50.00%,28,56,Procore Championship
20,Kevin Dougherty,50.00%,28,56,Procore Championship
20,Patrick Fishburn,50.00%,28,56,Procore Championship
20,Johnny Keefer,50.00%,28,56,Procore Championship
20,David Lipsky,50.00%,28,56,Procore Championship
20,Justin Lower,50.00%,28,56,Procore Championship
20,Sahith Theegala,50.00%,28,56,Procore Championship
27,Joel Dahmen,48.21%,27,56,Procore Championship
27,Wilson Furr,48.21%,27,56,Procore Championship
27,Doug Ghim,48.21%,27,56,Procore Championship
27,Joe Highsmith,48.21%,27,56,Procore Championship
27,Chandler Phillips,48.21%,27,56,Procore Championship
27,David Skinns,48.21%,27,56,Procore Championship
27,Brandt Snedeker,48.21%,27,56,Procore Championship
27,Justin Suh,48.21%,27,56,Procore Championship
27,Josh Teater,48.21%,27,56,Procore Championship
,Field Average,46.81%,,,Procore Championship
36,Bud Cauley,46.43%,26,56,Procore Championship
36,Kevin Chappell,46.43%,26,56,Procore Championship
36,Lucas Glover,46.43%,26,56,Procore Championship
36,J.B. Holmes,46.43%,26,56,Procore Championship
36,Min Woo Lee,46.43%,26,56,Procore Championship
36,Chad Ramey,46.43%,26,56,Procore Championship
36,Matti Schmid,46.43%,26,56,Procore Championship
36,Michael Thorbjornsen,46.43%,26,56,Procore Championship
44,Aaron Baddeley,44.64%,25,56,Procore Championship
44,Rafael Campos,44.64%,25,56,Procore Championship
44,Lanto Griffin,44.64%,25,56,Procore Championship
44,Charley Hoffman,44.64%,25,56,Procore Championship
44,J.J. Spaun,44.64%,25,56,Procore Championship
44,Jhonattan Vegas,44.64%,25,56,Procore Championship
50,Chesson Hadley,42.86%,24,56,Procore Championship
50,Garrick Higgo,42.86%,24,56,Procore Championship
50,Sam Stevens,42.86%,24,56,Procore Championship
53,Adam Svensson,41.07%,23,56,Procore Championship
53,Tom Whitney,41.07%,23,56,Procore Championship
55,Wesley Bryan,39.29%,22,56,Procore Championship
55,"Blaine Hale, Jr.",39.29%,22,56,Procore Championship
55,Tom Hoge,39.29%,22,56,Procore Championship
55,Mackenzie Hughes,39.29%,22,56,Procore Championship
55,Martin Laird,39.29%,22,56,Procore Championship
55,Webb Simpson,39.29%,22,56,Procore Championship
61,Tom Johnson,37.50%,21,56,Procore Championship
61,Keith Mitchell,37.50%,21,56,Procore Championship
61,Patrick Rodgers,37.50%,21,56,Procore Championship
61,Kevin Tway,37.50%,21,56,Procore Championship
65,Nick Hardy,33.93%,19,56,Procore Championship
1,Collin Morikawa,78.57%,44,56,TOUR Championship
2,Russell Henley,66.07%,37,56,TOUR Championship
2,Sungjae Im,66.07%,37,56,TOUR Championship
2,Shane Lowry,66.07%,37,56,TOUR Championship
2,Aaron Rai,66.07%,37,56,TOUR Championship
2,Scottie Scheffler,66.07%,37,56,TOUR Championship
7,Ludvig Åberg,62.50%,35,56,TOUR Championship
7,Akshay Bhatia,62.50%,35,56,TOUR Championship
7,Chris Kirk,62.50%,35,56,TOUR Championship
7,Justin Thomas,62.50%,35,56,TOUR Championship
11,Wyndham Clark,60.71%,34,56,TOUR Championship
11,Tony Finau,60.71%,34,56,TOUR Championship
11,Hideki Matsuyama,60.71%,34,56,TOUR Championship
14,Sam Burns,58.93%,33,56,TOUR Championship
14,Billy Horschel,58.93%,33,56,TOUR Championship
14,Matthieu Pavon,58.93%,33,56,TOUR Championship
14,Adam Scott,58.93%,33,56,TOUR Championship
,Field Average,58.04%,,,TOUR Championship
18,Tommy Fleetwood,55.36%,31,56,TOUR Championship
18,Tom Hoge,55.36%,31,56,TOUR Championship
18,Sahith Theegala,55.36%,31,56,TOUR Championship
21,Keegan Bradley,53.57%,30,56,TOUR Championship
21,Viktor Hovland,53.57%,30,56,TOUR Championship
23,Patrick Cantlay,51.79%,29,56,TOUR Championship
23,Sepp Straka,51.79%,29,56,TOUR Championship
25,Robert MacIntyre,50.00%,28,56,TOUR Championship
25,Rory McIlroy,50.00%,28,56,TOUR Championship
25,Xander Schauffele,50.00%,28,56,TOUR Championship
28,Byeong Hun An,46.43%,26,56,TOUR Championship
28,Taylor Pendrith,46.43%,26,56,TOUR Championship
30,Christiaan Bezuidenhout,44.64%,25,56,TOUR Championship
1,Aaron Rai,80.36%,45,56,BMW Championship
2,Tommy Fleetwood,78.57%,44,56,BMW Championship
2,Russell Henley,78.57%,44,56,BMW Championship
4,Tony Finau,76.79%,43,56,BMW Championship
4,Brian Harman,76.79%,43,56,BMW Championship
4,Denny McCarthy,76.79%,43,56,BMW Championship
7,Wyndham Clark,75.00%,42,56,BMW Championship
7,Chris Kirk,75.00%,42,56,BMW Championship
9,Akshay Bhatia,73.21%,41,56,BMW Championship
9,Keegan Bradley,73.21%,41,56,BMW Championship
9,Will Zalatoris,73.21%,41,56,BMW Championship
12,Ludvig Åberg,71.43%,40,56,BMW Championship
12,Max Greyserman,71.43%,40,56,BMW Championship
12,Sepp Straka,71.43%,40,56,BMW Championship
15,Patrick Cantlay,69.64%,39,56,BMW Championship
15,Austin Eckroat,69.64%,39,56,BMW Championship
15,Stephan Jaeger,69.64%,39,56,BMW Championship
15,Scottie Scheffler,69.64%,39,56,BMW Championship
19,Adam Hadwin,67.86%,38,56,BMW Championship
19,Max Homa,67.86%,38,56,BMW Championship
19,Xander Schauffele,67.86%,38,56,BMW Championship
19,Adam Scott,67.86%,38,56,BMW Championship
19,Sahith Theegala,67.86%,38,56,BMW Championship
,Field Average,66.41%,,,BMW Championship
24,Corey Conners,66.07%,37,56,BMW Championship
24,Cam Davis,66.07%,37,56,BMW Championship
24,Billy Horschel,66.07%,37,56,BMW Championship
24,Sungjae Im,66.07%,37,56,BMW Championship
24,Collin Morikawa,66.07%,37,56,BMW Championship
24,Matthieu Pavon,66.07%,37,56,BMW Championship
30,Jason Day,64.29%,36,56,BMW Championship
30,Matt Fitzpatrick,64.29%,36,56,BMW Championship
30,Si Woo Kim,64.29%,36,56,BMW Championship
30,Alex Noren,64.29%,36,56,BMW Championship
30,J.T. Poston,64.29%,36,56,BMW Championship
35,Sam Burns,62.50%,35,56,BMW Championship
35,Nick Dunlap,62.50%,35,56,BMW Championship
37,Christiaan Bezuidenhout,60.71%,34,56,BMW Championship
37,Tom Hoge,60.71%,34,56,BMW Championship
37,Rory McIlroy,60.71%,34,56,BMW Championship
40,Shane Lowry,58.93%,33,56,BMW Championship
41,Viktor Hovland,57.14%,32,56,BMW Championship
41,Davis Thompson,57.14%,32,56,BMW Championship
43,Thomas Detry,55.36%,31,56,BMW Championship
43,Justin Thomas,55.36%,31,56,BMW Championship
45,Taylor Pendrith,53.57%,30,56,BMW Championship
45,Cameron Young,53.57%,30,56,BMW Championship
47,Byeong Hun An,51.79%,29,56,BMW Championship
48,Eric Cole,50.00%,28,56,BMW Championship
1,Seamus Power,76.79%,43,56,FedEx St. Jude Championship
2,Tommy Fleetwood,71.43%,40,56,FedEx St. Jude Championship
2,Aaron Rai,71.43%,40,56,FedEx St. Jude Championship
4,Scottie Scheffler,67.86%,38,56,FedEx St. Jude Championship
5,Brian Harman,66.07%,37,56,FedEx St. Jude Championship
5,Russell Henley,66.07%,37,56,FedEx St. Jude Championship
7,Chris Kirk,64.29%,36,56,FedEx St. Jude Championship
7,Brendon Todd,64.29%,36,56,FedEx St. Jude Championship
9,Akshay Bhatia,62.50%,35,56,FedEx St. Jude Championship
9,Jason Day,62.50%,35,56,FedEx St. Jude Championship
9,Mark Hubbard,62.50%,35,56,FedEx St. Jude Championship
9,Maverick McNealy,62.50%,35,56,FedEx St. Jude Championship
9,Matthieu Pavon,62.50%,35,56,FedEx St. Jude Championship
9,Justin Rose,62.50%,35,56,FedEx St. Jude Championship
15,Matt Fitzpatrick,60.71%,34,56,FedEx St. Jude Championship
15,Adam Hadwin,60.71%,34,56,FedEx St. Jude Championship
15,Xander Schauffele,60.71%,34,56,FedEx St. Jude Championship
18,Wyndham Clark,58.93%,33,56,FedEx St. Jude Championship
18,Cam Davis,58.93%,33,56,FedEx St. Jude Championship
18,Ben Griffin,58.93%,33,56,FedEx St. Jude Championship
18,Tom Kim,58.93%,33,56,FedEx St. Jude Championship
18,Min Woo Lee,58.93%,33,56,FedEx St. Jude Championship
18,Denny McCarthy,58.93%,33,56,FedEx St. Jude Championship
18,Nick Taylor,58.93%,33,56,FedEx St. Jude Championship
25,Corey Conners,57.14%,32,56,FedEx St. Jude Championship
25,Hideki Matsuyama,57.14%,32,56,FedEx St. Jude Championship
25,Sepp Straka,57.14%,32,56,FedEx St. Jude Championship
28,Patrick Cantlay,55.36%,31,56,FedEx St. Jude Championship
28,Eric Cole,55.36%,31,56,FedEx St. Jude Championship
28,Max Homa,55.36%,31,56,FedEx St. Jude Championship
28,Si Woo Kim,55.36%,31,56,FedEx St. Jude Championship
28,Jhonattan Vegas,55.36%,31,56,FedEx St. Jude Championship
28,Will Zalatoris,55.36%,31,56,FedEx St. Jude Championship
,Field Average,54.54%,,,FedEx St. Jude Championship
34,Adam Scott,53.57%,30,56,FedEx St. Jude Championship
34,Jordan Spieth,53.57%,30,56,FedEx St. Jude Championship
34,Sahith Theegala,53.57%,30,56,FedEx St. Jude Championship
37,Keegan Bradley,51.79%,29,56,FedEx St. Jude Championship
37,Sam Burns,51.79%,29,56,FedEx St. Jude Championship
37,Thomas Detry,51.79%,29,56,FedEx St. Jude Championship
37,Austin Eckroat,51.79%,29,56,FedEx St. Jude Championship
37,Emiliano Grillo,51.79%,29,56,FedEx St. Jude Championship
37,Billy Horschel,51.79%,29,56,FedEx St. Jude Championship
37,Viktor Hovland,51.79%,29,56,FedEx St. Jude Championship
37,Collin Morikawa,51.79%,29,56,FedEx St. Jude Championship
37,Victor Perez,51.79%,29,56,FedEx St. Jude Championship
37,J.T. Poston,51.79%,29,56,FedEx St. Jude Championship
47,Nick Dunlap,50.00%,28,56,FedEx St. Jude Championship
47,Max Greyserman,50.00%,28,56,FedEx St. Jude Championship
47,Peter Malnati,50.00%,28,56,FedEx St. Jude Championship
50,Ludvig Åberg,48.21%,27,56,FedEx St. Jude Championship
50,Christiaan Bezuidenhout,48.21%,27,56,FedEx St. Jude Championship
50,Harris English,48.21%,27,56,FedEx St. Jude Championship
50,Jake Knapp,48.21%,27,56,FedEx St. Jude Championship
50,Shane Lowry,48.21%,27,56,FedEx St. Jude Championship
50,Robert MacIntyre,48.21%,27,56,FedEx St. Jude Championship
50,Rory McIlroy,48.21%,27,56,FedEx St. Jude Championship
50,Taylor Pendrith,48.21%,27,56,FedEx St. Jude Championship
50,Justin Thomas,48.21%,27,56,FedEx St. Jude Championship
50,Davis Thompson,48.21%,27,56,FedEx St. Jude Championship
50,Erik van Rooyen,48.21%,27,56,FedEx St. Jude Championship
61,Mackenzie Hughes,46.43%,26,56,FedEx St. Jude Championship
61,Stephan Jaeger,46.43%,26,56,FedEx St. Jude Championship
63,Tony Finau,44.64%,25,56,FedEx St. Jude Championship
63,Tom Hoge,44.64%,25,56,FedEx St. Jude Championship
63,Sungjae Im,44.64%,25,56,FedEx St. Jude Championship
63,Patrick Rodgers,44.64%,25,56,FedEx St. Jude Championship
67,Alex Noren,42.86%,24,56,FedEx St. Jude Championship
67,Cameron Young,42.86%,24,56,FedEx St. Jude Championship
69,Byeong Hun An,41.07%,23,56,FedEx St. Jude Championship
70,Taylor Moore,39.29%,22,56,FedEx St. Jude Championship
1,Trace Crowe,80.36%,45,56,Wyndham Championship
1,Austin Eckroat,80.36%,45,56,Wyndham Championship
1,Mac Meissner,80.36%,45,56,Wyndham Championship
4,Matt Kuchar,78.57%,44,56,Wyndham Championship
4,Chandler Phillips,78.57%,44,56,Wyndham Championship
4,Brendon Todd,78.57%,44,56,Wyndham Championship
4,Matt Wallace,78.57%,44,56,Wyndham Championship
8,Daniel Berger,76.79%,43,56,Wyndham Championship
8,Ryo Hisatsune,76.79%,43,56,Wyndham Championship
8,Aaron Rai,76.79%,43,56,Wyndham Championship
11,Keegan Bradley,75.00%,42,56,Wyndham Championship
11,Cameron Champ,75.00%,42,56,Wyndham Championship
11,Charley Hoffman,75.00%,42,56,Wyndham Championship
11,Justin Suh,75.00%,42,56,Wyndham Championship
11,Davis Thompson,75.00%,42,56,Wyndham Championship
11,Gary Woodland,75.00%,42,56,Wyndham Championship
17,Luke Clanton,73.21%,41,56,Wyndham Championship
17,Emiliano Grillo,73.21%,41,56,Wyndham Championship
17,Zach Johnson,73.21%,41,56,Wyndham Championship
17,Keith Mitchell,73.21%,41,56,Wyndham Championship
17,Ryan Moore,73.21%,41,56,Wyndham Championship
17,J.J. Spaun,73.21%,41,56,Wyndham Championship
23,Billy Horschel,71.43%,40,56,Wyndham Championship
23,Sungjae Im,71.43%,40,56,Wyndham Championship
23,Chan Kim,71.43%,40,56,Wyndham Championship
23,Kevin Tway,71.43%,40,56,Wyndham Championship
23,Cameron Young,71.43%,40,56,Wyndham Championship
28,Zac Blair,69.64%,39,56,Wyndham Championship
28,Jacob Bridgeman,69.64%,39,56,Wyndham Championship
28,Doug Ghim,69.64%,39,56,Wyndham Championship
28,Nick Hardy,69.64%,39,56,Wyndham Championship
28,Beau Hossler,69.64%,39,56,Wyndham Championship
28,Maverick McNealy,69.64%,39,56,Wyndham Championship
28,Patrick Rodgers,69.64%,39,56,Wyndham Championship
28,Matti Schmid,69.64%,39,56,Wyndham Championship
36,Ben Griffin,67.86%,38,56,Wyndham Championship
36,Brian Harman,67.86%,38,56,Wyndham Championship
36,Victor Perez,67.86%,38,56,Wyndham Championship
36,Roger Sloan,67.86%,38,56,Wyndham Championship
,Field Average,66.35%,,,Wyndham Championship
40,Christiaan Bezuidenhout,66.07%,37,56,Wyndham Championship
40,Joel Dahmen,66.07%,37,56,Wyndham Championship
40,Brice Garnett,66.07%,37,56,Wyndham Championship
40,Adam Hadwin,66.07%,37,56,Wyndham Championship
40,K.H. Lee,66.07%,37,56,Wyndham Championship
40,Seamus Power,66.07%,37,56,Wyndham Championship
40,Adam Svensson,66.07%,37,56,Wyndham Championship
40,Ben Taylor,66.07%,37,56,Wyndham Championship
48,Max Greyserman,64.29%,36,56,Wyndham Championship
48,Justin Lower,64.29%,36,56,Wyndham Championship
48,Denny McCarthy,64.29%,36,56,Wyndham Championship
48,Andrew Novak,64.29%,36,56,Wyndham Championship
52,Chad Ramey,62.50%,35,56,Wyndham Championship
53,Eric Cole,60.71%,34,56,Wyndham Championship
53,Nico Echavarria,60.71%,34,56,Wyndham Championship
53,Nate Lashley,60.71%,34,56,Wyndham Championship
53,Jhonattan Vegas,60.71%,34,56,Wyndham Championship
57,Chris Gotterup,58.93%,33,56,Wyndham Championship
57,Rico Hoey,58.93%,33,56,Wyndham Championship
57,Taylor Moore,58.93%,33,56,Wyndham Championship
60,S.H. Kim,57.14%,32,56,Wyndham Championship
61,Jorge Campillo,55.36%,31,56,Wyndham Championship
61,Pierceson Coody,55.36%,31,56,Wyndham Championship
63,Mackenzie Hughes,53.57%,30,56,Wyndham Championship
63,Davis Riley,53.57%,30,56,Wyndham Championship
63,Martin Trainer,53.57%,30,56,Wyndham Championship
63,Vince Whaley,53.57%,30,56,Wyndham Championship
1,Ben Kohles,83.93%,47,56,3M Open
2,Stewart Cink,75.00%,42,56,3M Open
2,Cody Gribble,75.00%,42,56,3M Open
2,Emiliano Grillo,75.00%,42,56,3M Open
2,Chad Ramey,75.00%,42,56,3M Open
2,Carson Young,75.00%,42,56,3M Open
7,Tyler Duncan,73.21%,41,56,3M Open
7,Brice Garnett,73.21%,41,56,3M Open
7,Kevin Kisner,73.21%,41,56,3M Open
7,Henrik Norlander,73.21%,41,56,3M Open
7,Adam Schenk,73.21%,41,56,3M Open
12,Zach Johnson,71.43%,40,56,3M Open
12,Sam Stevens,71.43%,40,56,3M Open
12,Kevin Streelman,71.43%,40,56,3M Open
12,Adam Svensson,71.43%,40,56,3M Open
12,Jhonattan Vegas,71.43%,40,56,3M Open
17,Pierceson Coody,69.64%,39,56,3M Open
17,Joe Highsmith,69.64%,39,56,3M Open
17,Kelly Kraft,69.64%,39,56,3M Open
17,Andrew Putnam,69.64%,39,56,3M Open
17,Matti Schmid,69.64%,39,56,3M Open
17,J.J. Spaun,69.64%,39,56,3M Open
23,Cam Davis,67.86%,38,56,3M Open
23,Kurt Kitayama,67.86%,38,56,3M Open
23,Matt Kuchar,67.86%,38,56,3M Open
23,Matt NeSmith,67.86%,38,56,3M Open
23,Andrew Novak,67.86%,38,56,3M Open
23,Seamus Power,67.86%,38,56,3M Open
23,Justin Suh,67.86%,38,56,3M Open
23,Sahith Theegala,67.86%,38,56,3M Open
23,Matt Wallace,67.86%,38,56,3M Open
32,Patrick Fishburn,66.07%,37,56,3M Open
32,Doug Ghim,66.07%,37,56,3M Open
32,Scott Piercy,66.07%,37,56,3M Open
32,Robby Shelton,66.07%,37,56,3M Open
32,Hayden Springer,66.07%,37,56,3M Open
37,Keegan Bradley,64.29%,36,56,3M Open
37,Joseph Bramlett,64.29%,36,56,3M Open
37,Mackenzie Hughes,64.29%,36,56,3M Open
37,Taylor Pendrith,64.29%,36,56,3M Open
37,Robert Streb,64.29%,36,56,3M Open
37,Gary Woodland,64.29%,36,56,3M Open
43,Akshay Bhatia,62.50%,35,56,3M Open
43,Justin Lower,62.50%,35,56,3M Open
43,Taylor Moore,62.50%,35,56,3M Open
43,Davis Riley,62.50%,35,56,3M Open
43,Ben Silverman,62.50%,35,56,3M Open
,Field Average,62.28%,,,3M Open
48,Kevin Chappell,60.71%,34,56,3M Open
48,Tony Finau,60.71%,34,56,3M Open
48,Rico Hoey,60.71%,34,56,3M Open
48,K.H. Lee,60.71%,34,56,3M Open
48,David Skinns,60.71%,34,56,3M Open
48,Austin Smotherman,60.71%,34,56,3M Open
54,Jacob Bridgeman,58.93%,33,56,3M Open
54,Sam Burns,58.93%,33,56,3M Open
54,Patrick Rodgers,58.93%,33,56,3M Open
57,Charley Hoffman,57.14%,32,56,3M Open
57,Mac Meissner,57.14%,32,56,3M Open
57,Neal Shipley,57.14%,32,56,3M Open
57,Alex Smalley,57.14%,32,56,3M Open
57,Dylan Wu,57.14%,32,56,3M Open
57,Kevin Yu,57.14%,32,56,3M Open
63,MJ Daffue,55.36%,31,56,3M Open
63,Nick Hardy,55.36%,31,56,3M Open
63,Maverick McNealy,55.36%,31,56,3M Open
66,Aaron Baddeley,53.57%,30,56,3M Open
66,Cameron Champ,53.57%,30,56,3M Open
66,Max Greyserman,53.57%,30,56,3M Open
66,Lanto Griffin,53.57%,30,56,3M Open
70,Harry Hall,51.79%,29,56,3M Open
70,Keith Mitchell,51.79%,29,56,3M Open
72,Chris Gotterup,48.21%,27,56,3M Open
73,Wesley Bryan,46.43%,26,56,3M Open
74,Trace Crowe,44.64%,25,56,3M Open
1,Guido Migliozzi,76.79%,43,56,The Open Championship
2,Russell Henley,75.00%,42,56,The Open Championship
2,Billy Horschel,75.00%,42,56,The Open Championship
4,John Catlin,73.21%,41,56,The Open Championship
5,Justin Rose,71.43%,40,56,The Open Championship
5,Sepp Straka,71.43%,40,56,The Open Championship
7,Alex Noren,69.64%,39,56,The Open Championship
8,Daniel Brown,67.86%,38,56,The Open Championship
8,Corey Conners,67.86%,38,56,The Open Championship
10,Laurie Canter,66.07%,37,56,The Open Championship
10,Alex Cejka,66.07%,37,56,The Open Championship
10,Xander Schauffele,66.07%,37,56,The Open Championship
10,Scottie Scheffler,66.07%,37,56,The Open Championship
10,Young-han Song,66.07%,37,56,The Open Championship
15,Ewen Ferguson,64.29%,36,56,The Open Championship
15,Adrian Meronk,64.29%,36,56,The Open Championship
15,Collin Morikawa,64.29%,36,56,The Open Championship
15,Matthieu Pavon,64.29%,36,56,The Open Championship
15,Adam Scott,64.29%,36,56,The Open Championship
20,Jorge Campillo,62.50%,35,56,The Open Championship
20,Jason Day,62.50%,35,56,The Open Championship
20,Sungjae Im,62.50%,35,56,The Open Championship
20,Si Woo Kim,62.50%,35,56,The Open Championship
20,Shane Lowry,62.50%,35,56,The Open Championship
20,Jordan Spieth,62.50%,35,56,The Open Championship
26,Abraham Ancer,60.71%,34,56,The Open Championship
26,Brian Harman,60.71%,34,56,The Open Championship
26,Nicolai Højgaard,60.71%,34,56,The Open Championship
26,Chris Kirk,60.71%,34,56,The Open Championship
26,Brooks Koepka,60.71%,34,56,The Open Championship
26,Joaquin Niemann,60.71%,34,56,The Open Championship
26,Jon Rahm,60.71%,34,56,The Open Championship
26,Shubhankar Sharma,60.71%,34,56,The Open Championship
26,Brendon Todd,60.71%,34,56,The Open Championship
35,Darren Fichardt,58.93%,33,56,The Open Championship
35,Daniel Hillier,58.93%,33,56,The Open Championship
35,Thriston Lawrence,58.93%,33,56,The Open Championship
35,Phil Mickelson,58.93%,33,56,The Open Championship
35,Davis Thompson,58.93%,33,56,The Open Championship
35,Jeunghun Wang,58.93%,33,56,The Open Championship
41,Dean Burmester,57.14%,32,56,The Open Championship
41,Harris English,57.14%,32,56,The Open Championship
41,Rickie Fowler,57.14%,32,56,The Open Championship
41,Emiliano Grillo,57.14%,32,56,The Open Championship
41,Tom Hoge,57.14%,32,56,The Open Championship
41,Matthew Jordan,57.14%,32,56,The Open Championship
41,Matteo Manassero,57.14%,32,56,The Open Championship
41,Richard Mansell,57.14%,32,56,The Open Championship
41,Thorbjørn Olesen,57.14%,32,56,The Open Championship
41,Justin Thomas,57.14%,32,56,The Open Championship
,Field Average,56.98%,,,The Open Championship
51,Dustin Johnson,55.36%,31,56,The Open Championship
51,Luis Masaveu,55.36%,31,56,The Open Championship
51,Jacob Skov Olesen,55.36%,31,56,The Open Championship
51,Gary Woodland,55.36%,31,56,The Open Championship
55,Byeong Hun An,53.57%,30,56,The Open Championship
55,Sam Burns,53.57%,30,56,The Open Championship
55,Sean Crocker,53.57%,30,56,The Open Championship
55,Padraig Harrington,53.57%,30,56,The Open Championship
55,Rasmus Højgaard,53.57%,30,56,The Open Championship
55,Minkyu Kim,53.57%,30,56,The Open Championship
55,Cameron Young,53.57%,30,56,The Open Championship
62,Patrick Cantlay,51.79%,29,56,The Open Championship
62,Matt Fitzpatrick,51.79%,29,56,The Open Championship
62,Robert MacIntyre,51.79%,29,56,The Open Championship
62,Tom McKibbin,51.79%,29,56,The Open Championship
62,Tommy Morrison,51.79%,29,56,The Open Championship
67,Joseph Dean,50.00%,28,56,The Open Championship
67,Austin Eckroat,50.00%,28,56,The Open Championship
67,Ryan Fox,50.00%,28,56,The Open Championship
67,Max Homa,50.00%,28,56,The Open Championship
67,Hideki Matsuyama,50.00%,28,56,The Open Championship
67,Andy Ogletree,50.00%,28,56,The Open Championship
67,Aaron Rai,50.00%,28,56,The Open Championship
74,Darren Clarke,48.21%,27,56,The Open Championship
74,Kurt Kitayama,48.21%,27,56,The Open Championship
76,Marcel Siem,46.43%,26,56,The Open Championship
77,Eric Cole,44.64%,25,56,The Open Championship
78,Mackenzie Hughes,42.86%,24,56,The Open Championship
78,Matt Wallace,42.86%,24,56,The Open Championship
80,Calum Scott,39.29%,22,56,The Open Championship
1,Mac Meissner,76.79%,43,56,ISCO Championship
1,Andy Sullivan,76.79%,43,56,ISCO Championship
3,Francesco Laporta,75.00%,42,56,ISCO Championship
4,Fabrizio Zanotti,73.21%,41,56,ISCO Championship
5,Luke Clanton,71.43%,40,56,ISCO Championship
5,Ricardo Gouveia,71.43%,40,56,ISCO Championship
5,Johannes Veerman,71.43%,40,56,ISCO Championship
8,Chan Kim,69.64%,39,56,ISCO Championship
8,Cooper Musselman,69.64%,39,56,ISCO Championship
8,Henrik Norlander,69.64%,39,56,ISCO Championship
11,Matthis Besard,67.86%,38,56,ISCO Championship
11,Zac Blair,67.86%,38,56,ISCO Championship
11,Troy Merritt,67.86%,38,56,ISCO Championship
14,Lanto Griffin,66.07%,37,56,ISCO Championship
14,Jacques Kruyswijk,66.07%,37,56,ISCO Championship
14,Ryan Moore,66.07%,37,56,ISCO Championship
14,Ben Silverman,66.07%,37,56,ISCO Championship
14,Tom Vaillant,66.07%,37,56,ISCO Championship
19,Paul Barjon,64.29%,36,56,ISCO Championship
19,Jonathan Byrd,64.29%,36,56,ISCO Championship
19,Nick Hardy,64.29%,36,56,ISCO Championship
19,Marcus Kinhult,64.29%,36,56,ISCO Championship
19,David Lipsky,64.29%,36,56,ISCO Championship
19,William McGirt,64.29%,36,56,ISCO Championship
19,Chez Reavie,64.29%,36,56,ISCO Championship
19,Adrien Saddier,64.29%,36,56,ISCO Championship
19,Roger Sloan,64.29%,36,56,ISCO Championship
28,Cody Gribble,62.50%,35,56,ISCO Championship
28,Lukas Nemecz,62.50%,35,56,ISCO Championship
28,Neal Shipley,62.50%,35,56,ISCO Championship
28,Brandt Snedeker,62.50%,35,56,ISCO Championship
28,Callum Tarren,62.50%,35,56,ISCO Championship
28,Ben Taylor,62.50%,35,56,ISCO Championship
28,Andrew Wilson,62.50%,35,56,ISCO Championship
35,James Hahn,60.71%,34,56,ISCO Championship
35,Angel Hidalgo Portillo,60.71%,34,56,ISCO Championship
35,Garrick Higgo,60.71%,34,56,ISCO Championship
35,Kevin Kisner,60.71%,34,56,ISCO Championship
,Field Average,59.67%,,,ISCO Championship
39,Aaron Baddeley,58.93%,33,56,ISCO Championship
39,Kevin Chappell,58.93%,33,56,ISCO Championship
39,S.Y. Noh,58.93%,33,56,ISCO Championship
39,Chad Ramey,58.93%,33,56,ISCO Championship
39,Sam Ryder,58.93%,33,56,ISCO Championship
44,Sam Bairstow,57.14%,32,56,ISCO Championship
44,Pierceson Coody,57.14%,32,56,ISCO Championship
44,Spencer Cross,57.14%,32,56,ISCO Championship
44,Patrick Fishburn,57.14%,32,56,ISCO Championship
44,Austin Smotherman,57.14%,32,56,ISCO Championship
49,Sebastian Friedrichsen,55.36%,31,56,ISCO Championship
49,Patton Kizzire,55.36%,31,56,ISCO Championship
49,Max Rottluff,55.36%,31,56,ISCO Championship
49,J.J. Spaun,55.36%,31,56,ISCO Championship
49,Hayden Springer,55.36%,31,56,ISCO Championship
49,Dylan Wu,55.36%,31,56,ISCO Championship
55,Hayden Buckley,53.57%,30,56,ISCO Championship
55,Rico Hoey,53.57%,30,56,ISCO Championship
55,S.H. Kim,53.57%,30,56,ISCO Championship
55,Andrea Pavan,53.57%,30,56,ISCO Championship
55,Kevin Tway,53.57%,30,56,ISCO Championship
55,Brandon Wu,53.57%,30,56,ISCO Championship
61,Matt NeSmith,51.79%,29,56,ISCO Championship
62,Alex Smalley,50.00%,28,56,ISCO Championship
63,Bill Haas,44.64%,25,56,ISCO Championship
63,Russell Knox,44.64%,25,56,ISCO Championship
65,Harry Hall,42.86%,24,56,ISCO Championship
65,Ryan McCormick,42.86%,24,56,ISCO Championship
67,MJ Daffue,39.29%,22,56,ISCO Championship
1,Ben Kohles,78.85%,41,52,Genesis Scottish Open
2,Francesco Molinari,76.92%,40,52,Genesis Scottish Open
3,Brian Harman,73.08%,38,52,Genesis Scottish Open
3,Brendon Todd,73.08%,38,52,Genesis Scottish Open
5,Yannik Paul,69.23%,36,52,Genesis Scottish Open
5,Aaron Rai,69.23%,36,52,Genesis Scottish Open
7,Matteo Manassero,67.31%,35,52,Genesis Scottish Open
7,Nick Taylor,67.31%,35,52,Genesis Scottish Open
7,Davis Thompson,67.31%,35,52,Genesis Scottish Open
10,Adam Hadwin,65.38%,34,52,Genesis Scottish Open
10,Tom Kim,65.38%,34,52,Genesis Scottish Open
10,Justin Lower,65.38%,34,52,Genesis Scottish Open
13,Corey Conners,63.46%,33,52,Genesis Scottish Open
13,Harris English,63.46%,33,52,Genesis Scottish Open
13,Tommy Fleetwood,63.46%,33,52,Genesis Scottish Open
13,Sungjae Im,63.46%,33,52,Genesis Scottish Open
13,Haotong Li,63.46%,33,52,Genesis Scottish Open
13,Rory McIlroy,63.46%,33,52,Genesis Scottish Open
13,Collin Morikawa,63.46%,33,52,Genesis Scottish Open
13,Sahith Theegala,63.46%,33,52,Genesis Scottish Open
21,Nick Bachem,61.54%,32,52,Genesis Scottish Open
21,Jorge Campillo,61.54%,32,52,Genesis Scottish Open
21,Cam Davis,61.54%,32,52,Genesis Scottish Open
21,Thomas Detry,61.54%,32,52,Genesis Scottish Open
21,Si Woo Kim,61.54%,32,52,Genesis Scottish Open
21,Robert MacIntyre,61.54%,32,52,Genesis Scottish Open
21,Alex Noren,61.54%,32,52,Genesis Scottish Open
28,Ludvig Åberg,59.62%,31,52,Genesis Scottish Open
28,Matthew Jordan,59.62%,31,52,Genesis Scottish Open
28,Victor Perez,59.62%,31,52,Genesis Scottish Open
31,Matt Fitzpatrick,57.69%,30,52,Genesis Scottish Open
31,Lee Hodges,57.69%,30,52,Genesis Scottish Open
31,Viktor Hovland,57.69%,30,52,Genesis Scottish Open
31,Max Kieffer,57.69%,30,52,Genesis Scottish Open
31,Junghwan Lee,57.69%,30,52,Genesis Scottish Open
31,Seamus Power,57.69%,30,52,Genesis Scottish Open
31,Adam Scott,57.69%,30,52,Genesis Scottish Open
31,Shubhankar Sharma,57.69%,30,52,Genesis Scottish Open
31,Marcel Siem,57.69%,30,52,Genesis Scottish Open
31,Sam Stevens,57.69%,30,52,Genesis Scottish Open
31,Connor Syme,57.69%,30,52,Genesis Scottish Open
31,Gary Woodland,57.69%,30,52,Genesis Scottish Open
43,Jens Dantorp,55.77%,29,52,Genesis Scottish Open
43,Charley Hoffman,55.77%,29,52,Genesis Scottish Open
43,Rasmus Højgaard,55.77%,29,52,Genesis Scottish Open
43,Kurt Kitayama,55.77%,29,52,Genesis Scottish Open
43,Romain Langasque,55.77%,29,52,Genesis Scottish Open
,Field Average,55.51%,,,Genesis Scottish Open
48,Niklas Norgaard,53.85%,28,52,Genesis Scottish Open
49,Daniel Brown,51.92%,27,52,Genesis Scottish Open
49,Ugo Coussaud,51.92%,27,52,Genesis Scottish Open
49,Max Homa,51.92%,27,52,Genesis Scottish Open
49,Xander Schauffele,51.92%,27,52,Genesis Scottish Open
49,Erik van Rooyen,51.92%,27,52,Genesis Scottish Open
54,Stewart Cink,50.00%,26,52,Genesis Scottish Open
54,Eric Cole,50.00%,26,52,Genesis Scottish Open
54,Ben Griffin,50.00%,26,52,Genesis Scottish Open
54,Andrew Novak,50.00%,26,52,Genesis Scottish Open
54,Thorbjørn Olesen,50.00%,26,52,Genesis Scottish Open
59,Daniel Hillier,48.08%,25,52,Genesis Scottish Open
59,Min Woo Lee,48.08%,25,52,Genesis Scottish Open
59,Richard Mansell,48.08%,25,52,Genesis Scottish Open
59,Jesper Svensson,48.08%,25,52,Genesis Scottish Open
63,Max Greyserman,46.15%,24,52,Genesis Scottish Open
63,Nicolai Højgaard,46.15%,24,52,Genesis Scottish Open
63,Antoine Rozner,46.15%,24,52,Genesis Scottish Open
63,Justin Thomas,46.15%,24,52,Genesis Scottish Open
67,Ashun Wu,44.23%,23,52,Genesis Scottish Open
68,Alejandro Del Rey,42.31%,22,52,Genesis Scottish Open
68,Mackenzie Hughes,42.31%,22,52,Genesis Scottish Open
70,Julien Guerrier,40.38%,21,52,Genesis Scottish Open
71,Grant Forrest,38.46%,20,52,Genesis Scottish Open
72,Taylor Montgomery,36.54%,19,52,Genesis Scottish Open
73,Wyndham Clark,34.62%,18,52,Genesis Scottish Open
74,Ryan Fox,32.69%,17,52,Genesis Scottish Open
1,Brice Garnett,83.93%,47,56,John Deere Classic
2,Doug Ghim,80.36%,45,56,John Deere Classic
2,Ben Kohles,80.36%,45,56,John Deere Classic
4,Zac Blair,78.57%,44,56,John Deere Classic
4,Max Greyserman,78.57%,44,56,John Deere Classic
4,Chesson Hadley,78.57%,44,56,John Deere Classic
4,Sepp Straka,78.57%,44,56,John Deere Classic
8,Trace Crowe,76.79%,43,56,John Deere Classic
8,James Hahn,76.79%,43,56,John Deere Classic
8,Ryo Hisatsune,76.79%,43,56,John Deere Classic
8,Henrik Norlander,76.79%,43,56,John Deere Classic
8,Brendon Todd,76.79%,43,56,John Deere Classic
13,Joel Dahmen,75.00%,42,56,John Deere Classic
13,Mark Hubbard,75.00%,42,56,John Deere Classic
13,Zach Johnson,75.00%,42,56,John Deere Classic
13,Denny McCarthy,75.00%,42,56,John Deere Classic
13,Michael Thorbjornsen,75.00%,42,56,John Deere Classic
13,Sami Valimaki,75.00%,42,56,John Deere Classic
19,Luke Clanton,73.21%,41,56,John Deere Classic
19,J.T. Poston,73.21%,41,56,John Deere Classic
19,Aaron Rai,73.21%,41,56,John Deere Classic
19,Ben Silverman,73.21%,41,56,John Deere Classic
19,Adam Svensson,73.21%,41,56,John Deere Classic
19,Carson Young,73.21%,41,56,John Deere Classic
25,Nico Echavarria,71.43%,40,56,John Deere Classic
25,Scott Gutschewski,71.43%,40,56,John Deere Classic
25,C.T. Pan,71.43%,40,56,John Deere Classic
25,Ben Taylor,71.43%,40,56,John Deere Classic
25,Davis Thompson,71.43%,40,56,John Deere Classic
30,Hayden Buckley,69.64%,39,56,John Deere Classic
30,Eric Cole,69.64%,39,56,John Deere Classic
30,Kevin Dougherty,69.64%,39,56,John Deere Classic
30,Chan Kim,69.64%,39,56,John Deere Classic
30,David Lipsky,69.64%,39,56,John Deere Classic
35,Lucas Glover,67.86%,38,56,John Deere Classic
35,Ryan Palmer,67.86%,38,56,John Deere Classic
35,Patrick Rodgers,67.86%,38,56,John Deere Classic
35,Jordan Spieth,67.86%,38,56,John Deere Classic
35,Justin Suh,67.86%,38,56,John Deere Classic
35,Jhonattan Vegas,67.86%,38,56,John Deere Classic
,Field Average,66.54%,,,John Deere Classic
41,Stewart Cink,66.07%,37,56,John Deere Classic
41,S.H. Kim,66.07%,37,56,John Deere Classic
41,Mac Meissner,66.07%,37,56,John Deere Classic
41,Keith Mitchell,66.07%,37,56,John Deere Classic
41,Matt NeSmith,66.07%,37,56,John Deere Classic
41,Sam Ryder,66.07%,37,56,John Deere Classic
41,Roger Sloan,66.07%,37,56,John Deere Classic
48,Andrew Novak,64.29%,36,56,John Deere Classic
48,Austin Smotherman,64.29%,36,56,John Deere Classic
48,Kevin Streelman,64.29%,36,56,John Deere Classic
51,Bud Cauley,62.50%,35,56,John Deere Classic
51,Joshua Creel,62.50%,35,56,John Deere Classic
51,Harry Hall,62.50%,35,56,John Deere Classic
51,Sungjae Im,62.50%,35,56,John Deere Classic
51,Seamus Power,62.50%,35,56,John Deere Classic
51,J.J. Spaun,62.50%,35,56,John Deere Classic
51,Hayden Springer,62.50%,35,56,John Deere Classic
58,Jason Day,60.71%,34,56,John Deere Classic
58,Lee Hodges,60.71%,34,56,John Deere Classic
58,Rico Hoey,60.71%,34,56,John Deere Classic
58,Chandler Phillips,60.71%,34,56,John Deere Classic
58,Sam Stevens,60.71%,34,56,John Deere Classic
58,Kyle Westmoreland,60.71%,34,56,John Deere Classic
64,Kevin Chappell,58.93%,33,56,John Deere Classic
64,Pierceson Coody,58.93%,33,56,John Deere Classic
64,Wilson Furr,58.93%,33,56,John Deere Classic
64,Justin Lower,58.93%,33,56,John Deere Classic
64,Robby Shelton,58.93%,33,56,John Deere Classic
69,Ben Griffin,57.14%,32,56,John Deere Classic
69,Beau Hossler,57.14%,32,56,John Deere Classic
69,Jake Knapp,57.14%,32,56,John Deere Classic
69,Thorbjørn Olesen,57.14%,32,56,John Deere Classic
73,Dylan Frittelli,55.36%,31,56,John Deere Classic
73,Bill Haas,55.36%,31,56,John Deere Classic
73,Kevin Yu,55.36%,31,56,John Deere Classic
76,"Blaine Hale, Jr.",53.57%,30,56,John Deere Classic
77,Adrien Dumont de Chassart,48.21%,27,56,John Deere Classic
1,Ben Kohles,82.14%,46,56,Rocket Mortgage Classic
1,Matt Kuchar,82.14%,46,56,Rocket Mortgage Classic
3,Hayden Buckley,80.36%,45,56,Rocket Mortgage Classic
4,Beau Hossler,78.57%,44,56,Rocket Mortgage Classic
4,Zach Johnson,78.57%,44,56,Rocket Mortgage Classic
4,Ryan Moore,78.57%,44,56,Rocket Mortgage Classic
7,Cam Davis,76.79%,43,56,Rocket Mortgage Classic
7,Nick Dunlap,76.79%,43,56,Rocket Mortgage Classic
7,Aaron Rai,76.79%,43,56,Rocket Mortgage Classic
10,Joel Dahmen,75.00%,42,56,Rocket Mortgage Classic
10,Nick Hardy,75.00%,42,56,Rocket Mortgage Classic
10,Mark Hubbard,75.00%,42,56,Rocket Mortgage Classic
10,Chandler Phillips,75.00%,42,56,Rocket Mortgage Classic
14,Akshay Bhatia,73.21%,41,56,Rocket Mortgage Classic
14,Luke Clanton,73.21%,41,56,Rocket Mortgage Classic
14,Nate Lashley,73.21%,41,56,Rocket Mortgage Classic
14,Justin Lower,73.21%,41,56,Rocket Mortgage Classic
18,Wesley Bryan,71.43%,40,56,Rocket Mortgage Classic
18,Ryo Hisatsune,71.43%,40,56,Rocket Mortgage Classic
18,Jake Knapp,71.43%,40,56,Rocket Mortgage Classic
18,Troy Merritt,71.43%,40,56,Rocket Mortgage Classic
18,Davis Riley,71.43%,40,56,Rocket Mortgage Classic
18,Patrick Rodgers,71.43%,40,56,Rocket Mortgage Classic
18,Davis Thompson,71.43%,40,56,Rocket Mortgage Classic
18,Carl Yuan,71.43%,40,56,Rocket Mortgage Classic
26,Eric Cole,69.64%,39,56,Rocket Mortgage Classic
26,Max Greyserman,69.64%,39,56,Rocket Mortgage Classic
26,Harry Hall,69.64%,39,56,Rocket Mortgage Classic
26,Chris Kirk,69.64%,39,56,Rocket Mortgage Classic
26,Neal Shipley,69.64%,39,56,Rocket Mortgage Classic
26,Ben Silverman,69.64%,39,56,Rocket Mortgage Classic
32,Rickie Fowler,67.86%,38,56,Rocket Mortgage Classic
32,Patton Kizzire,67.86%,38,56,Rocket Mortgage Classic
32,Maverick McNealy,67.86%,38,56,Rocket Mortgage Classic
32,J.J. Spaun,67.86%,38,56,Rocket Mortgage Classic
32,Sam Stevens,67.86%,38,56,Rocket Mortgage Classic
32,Erik van Rooyen,67.86%,38,56,Rocket Mortgage Classic
38,Bud Cauley,66.07%,37,56,Rocket Mortgage Classic
38,Patrick Fishburn,66.07%,37,56,Rocket Mortgage Classic
38,Nicholas Lindheim,66.07%,37,56,Rocket Mortgage Classic
38,Peter Malnati,66.07%,37,56,Rocket Mortgage Classic
38,Kevin Streelman,66.07%,37,56,Rocket Mortgage Classic
38,Brandon Wu,66.07%,37,56,Rocket Mortgage Classic
,Field Average,65.25%,,,Rocket Mortgage Classic
44,Robby Shelton,64.29%,36,56,Rocket Mortgage Classic
44,Hayden Springer,64.29%,36,56,Rocket Mortgage Classic
44,Jhonattan Vegas,64.29%,36,56,Rocket Mortgage Classic
44,Dylan Wu,64.29%,36,56,Rocket Mortgage Classic
48,Pierceson Coody,62.50%,35,56,Rocket Mortgage Classic
48,Nico Echavarria,62.50%,35,56,Rocket Mortgage Classic
48,Ben Griffin,62.50%,35,56,Rocket Mortgage Classic
48,Joe Highsmith,62.50%,35,56,Rocket Mortgage Classic
48,Rico Hoey,62.50%,35,56,Rocket Mortgage Classic
48,Ben James,62.50%,35,56,Rocket Mortgage Classic
48,Taylor Moore,62.50%,35,56,Rocket Mortgage Classic
48,Andrew Novak,62.50%,35,56,Rocket Mortgage Classic
56,Min Woo Lee,60.71%,34,56,Rocket Mortgage Classic
56,Luke List,60.71%,34,56,Rocket Mortgage Classic
56,Roger Sloan,60.71%,34,56,Rocket Mortgage Classic
56,Cameron Young,60.71%,34,56,Rocket Mortgage Classic
60,Aaron Baddeley,58.93%,33,56,Rocket Mortgage Classic
60,Jacob Bridgeman,58.93%,33,56,Rocket Mortgage Classic
60,Nicolai Højgaard,58.93%,33,56,Rocket Mortgage Classic
60,Ryan McCormick,58.93%,33,56,Rocket Mortgage Classic
60,Matti Schmid,58.93%,33,56,Rocket Mortgage Classic
65,"Blaine Hale, Jr.",57.14%,32,56,Rocket Mortgage Classic
65,Taylor Pendrith,57.14%,32,56,Rocket Mortgage Classic
65,David Skinns,57.14%,32,56,Rocket Mortgage Classic
65,Vince Whaley,57.14%,32,56,Rocket Mortgage Classic
69,Ryan Fox,55.36%,31,56,Rocket Mortgage Classic
69,Chris Gotterup,55.36%,31,56,Rocket Mortgage Classic
69,Michael Kim,55.36%,31,56,Rocket Mortgage Classic
72,Kevin Yu,51.79%,29,56,Rocket Mortgage Classic
73,Callum Tarren,50.00%,28,56,Rocket Mortgage Classic
74,Taylor Montgomery,48.21%,27,56,Rocket Mortgage Classic
1,Tom Kim,85.71%,48,56,Travelers Championship
2,Tommy Fleetwood,83.93%,47,56,Travelers Championship
3,Matt Fitzpatrick,82.14%,46,56,Travelers Championship
3,Collin Morikawa,82.14%,46,56,Travelers Championship
3,Scottie Scheffler,82.14%,46,56,Travelers Championship
6,Brian Harman,80.36%,45,56,Travelers Championship
7,Akshay Bhatia,78.57%,44,56,Travelers Championship
8,Viktor Hovland,76.79%,43,56,Travelers Championship
8,Will Zalatoris,76.79%,43,56,Travelers Championship
10,Keegan Bradley,75.00%,42,56,Travelers Championship
10,Corey Conners,75.00%,42,56,Travelers Championship
10,Mackenzie Hughes,75.00%,42,56,Travelers Championship
13,Christiaan Bezuidenhout,73.21%,41,56,Travelers Championship
13,Lucas Glover,73.21%,41,56,Travelers Championship
13,Hideki Matsuyama,73.21%,41,56,Travelers Championship
13,Taylor Pendrith,73.21%,41,56,Travelers Championship
13,Sepp Straka,73.21%,41,56,Travelers Championship
13,Brendon Todd,73.21%,41,56,Travelers Championship
19,Austin Eckroat,71.43%,40,56,Travelers Championship
19,Shane Lowry,71.43%,40,56,Travelers Championship
19,Matthieu Pavon,71.43%,40,56,Travelers Championship
19,Seamus Power,71.43%,40,56,Travelers Championship
23,Harris English,69.64%,39,56,Travelers Championship
23,Lee Hodges,69.64%,39,56,Travelers Championship
23,Stephan Jaeger,69.64%,39,56,Travelers Championship
23,Robert MacIntyre,69.64%,39,56,Travelers Championship
23,Andrew Putnam,69.64%,39,56,Travelers Championship
23,Davis Riley,69.64%,39,56,Travelers Championship
23,Adam Schenk,69.64%,39,56,Travelers Championship
23,Adam Svensson,69.64%,39,56,Travelers Championship
31,Jason Day,67.86%,38,56,Travelers Championship
31,Nick Dunlap,67.86%,38,56,Travelers Championship
31,Russell Henley,67.86%,38,56,Travelers Championship
31,Xander Schauffele,67.86%,38,56,Travelers Championship
31,Webb Simpson,67.86%,38,56,Travelers Championship
31,Michael Thorbjornsen,67.86%,38,56,Travelers Championship
,Field Average,66.40%,,,Travelers Championship
37,Patrick Cantlay,66.07%,37,56,Travelers Championship
37,Thomas Detry,66.07%,37,56,Travelers Championship
37,J.T. Poston,66.07%,37,56,Travelers Championship
40,Sam Burns,64.29%,36,56,Travelers Championship
40,Tony Finau,64.29%,36,56,Travelers Championship
40,Tom Hoge,64.29%,36,56,Travelers Championship
40,Denny McCarthy,64.29%,36,56,Travelers Championship
40,Taylor Moore,64.29%,36,56,Travelers Championship
40,Victor Perez,64.29%,36,56,Travelers Championship
40,Jordan Spieth,64.29%,36,56,Travelers Championship
47,Ben Griffin,62.50%,35,56,Travelers Championship
47,Sungjae Im,62.50%,35,56,Travelers Championship
47,Chris Kirk,62.50%,35,56,Travelers Championship
47,Sahith Theegala,62.50%,35,56,Travelers Championship
51,Ludvig Åberg,60.71%,34,56,Travelers Championship
51,Emiliano Grillo,60.71%,34,56,Travelers Championship
51,Adam Hadwin,60.71%,34,56,Travelers Championship
51,Cameron Young,60.71%,34,56,Travelers Championship
55,Max Homa,58.93%,33,56,Travelers Championship
55,Nick Taylor,58.93%,33,56,Travelers Championship
57,Cam Davis,57.14%,32,56,Travelers Championship
57,Chris Gotterup,57.14%,32,56,Travelers Championship
57,Billy Horschel,57.14%,32,56,Travelers Championship
60,Kurt Kitayama,55.36%,31,56,Travelers Championship
60,Patrick Rodgers,55.36%,31,56,Travelers Championship
60,Justin Thomas,55.36%,31,56,Travelers Championship
63,Eric Cole,53.57%,30,56,Travelers Championship
63,Si Woo Kim,53.57%,30,56,Travelers Championship
65,Justin Rose,51.79%,29,56,Travelers Championship
65,Adam Scott,51.79%,29,56,Travelers Championship
67,Wyndham Clark,50.00%,28,56,Travelers Championship
67,Jake Knapp,50.00%,28,56,Travelers Championship
67,Peter Malnati,50.00%,28,56,Travelers Championship
70,Rickie Fowler,48.21%,27,56,Travelers Championship
1,Sepp Straka,87.50%,49,56,U.S. Open
2,Tommy Fleetwood,83.93%,47,56,U.S. Open
3,Ludvig Åberg,82.14%,46,56,U.S. Open
3,Zac Blair,82.14%,46,56,U.S. Open
3,Rory McIlroy,82.14%,46,56,U.S. Open
3,Tom McKibbin,82.14%,46,56,U.S. Open
7,Collin Morikawa,80.36%,45,56,U.S. Open
8,Sam Bennett,78.57%,44,56,U.S. Open
9,Luke Clanton,76.79%,43,56,U.S. Open
9,Corey Conners,76.79%,43,56,U.S. Open
9,Sergio Garcia,76.79%,43,56,U.S. Open
9,Brian Harman,76.79%,43,56,U.S. Open
9,Russell Henley,76.79%,43,56,U.S. Open
9,Si Woo Kim,76.79%,43,56,U.S. Open
9,Ben Kohles,76.79%,43,56,U.S. Open
9,Matthieu Pavon,76.79%,43,56,U.S. Open
9,Aaron Rai,76.79%,43,56,U.S. Open
9,Brendon Todd,76.79%,43,56,U.S. Open
19,Tony Finau,75.00%,42,56,U.S. Open
19,Isaiah Salinda,75.00%,42,56,U.S. Open
21,Christiaan Bezuidenhout,73.21%,41,56,U.S. Open
21,Akshay Bhatia,73.21%,41,56,U.S. Open
21,Billy Horschel,73.21%,41,56,U.S. Open
21,Martin Kaymer,73.21%,41,56,U.S. Open
21,Matt Kuchar,73.21%,41,56,U.S. Open
21,Min Woo Lee,73.21%,41,56,U.S. Open
21,Denny McCarthy,73.21%,41,56,U.S. Open
21,Neal Shipley,73.21%,41,56,U.S. Open
21,Adam Svensson,73.21%,41,56,U.S. Open
21,Tim Widing,73.21%,41,56,U.S. Open
31,Daniel Berger,71.43%,40,56,U.S. Open
31,Austin Eckroat,71.43%,40,56,U.S. Open
31,Harris English,71.43%,40,56,U.S. Open
31,Emiliano Grillo,71.43%,40,56,U.S. Open
31,Tyrrell Hatton,71.43%,40,56,U.S. Open
31,Francesco Molinari,71.43%,40,56,U.S. Open
31,Taylor Pendrith,71.43%,40,56,U.S. Open
38,Sam Burns,69.64%,39,56,U.S. Open
38,Brian Campbell,69.64%,39,56,U.S. Open
38,Mark Hubbard,69.64%,39,56,U.S. Open
38,Brooks Koepka,69.64%,39,56,U.S. Open
38,J.T. Poston,69.64%,39,56,U.S. Open
43,Nico Echavarria,67.86%,38,56,U.S. Open
43,Chris Kirk,67.86%,38,56,U.S. Open
43,Davis Thompson,67.86%,38,56,U.S. Open
43,Brandon Wu,67.86%,38,56,U.S. Open
,Field Average,67.13%,,,U.S. Open
47,Patrick Cantlay,66.07%,37,56,U.S. Open
47,Thomas Detry,66.07%,37,56,U.S. Open
47,Tom Kim,66.07%,37,56,U.S. Open
47,Shane Lowry,66.07%,37,56,U.S. Open
47,Adam Scott,66.07%,37,56,U.S. Open
47,Greyson Sigg,66.07%,37,56,U.S. Open
47,Jackson Suber,66.07%,37,56,U.S. Open
54,Matt Fitzpatrick,64.29%,36,56,U.S. Open
54,Max Greyserman,64.29%,36,56,U.S. Open
54,Justin Lower,64.29%,36,56,U.S. Open
54,Hideki Matsuyama,64.29%,36,56,U.S. Open
58,Stephan Jaeger,62.50%,35,56,U.S. Open
59,S.H. Kim,60.71%,34,56,U.S. Open
59,Xander Schauffele,60.71%,34,56,U.S. Open
59,Scottie Scheffler,60.71%,34,56,U.S. Open
59,Jordan Spieth,60.71%,34,56,U.S. Open
63,Keegan Bradley,58.93%,33,56,U.S. Open
63,Dean Burmester,58.93%,33,56,U.S. Open
63,Sahith Theegala,58.93%,33,56,U.S. Open
66,Bryson DeChambeau,57.14%,32,56,U.S. Open
66,Cameron Smith,57.14%,32,56,U.S. Open
66,Cameron Young,57.14%,32,56,U.S. Open
69,Frankie Capan III,53.57%,30,56,U.S. Open
69,Nicolai Højgaard,53.57%,30,56,U.S. Open
71,Gunnar Broin,51.79%,29,56,U.S. Open
71,Ryan Fox,51.79%,29,56,U.S. Open
73,Wyndham Clark,50.00%,28,56,U.S. Open
73,David Puig,50.00%,28,56,U.S. Open
1,Sepp Straka,83.93%,47,56,the Memorial Tournament presented by Workday
2,Cam Davis,78.57%,44,56,the Memorial Tournament presented by Workday
2,Russell Henley,78.57%,44,56,the Memorial Tournament presented by Workday
2,Tom Kim,78.57%,44,56,the Memorial Tournament presented by Workday
5,Corey Conners,76.79%,43,56,the Memorial Tournament presented by Workday
5,Tommy Fleetwood,76.79%,43,56,the Memorial Tournament presented by Workday
5,Jackson Koivun,76.79%,43,56,the Memorial Tournament presented by Workday
8,Akshay Bhatia,75.00%,42,56,the Memorial Tournament presented by Workday
8,Brian Harman,75.00%,42,56,the Memorial Tournament presented by Workday
8,Collin Morikawa,75.00%,42,56,the Memorial Tournament presented by Workday
8,Nick Taylor,75.00%,42,56,the Memorial Tournament presented by Workday
8,Sahith Theegala,75.00%,42,56,the Memorial Tournament presented by Workday
13,Sam Burns,71.43%,40,56,the Memorial Tournament presented by Workday
13,Tom Hoge,71.43%,40,56,the Memorial Tournament presented by Workday
13,Sungjae Im,71.43%,40,56,the Memorial Tournament presented by Workday
13,Si Woo Kim,71.43%,40,56,the Memorial Tournament presented by Workday
13,Seamus Power,71.43%,40,56,the Memorial Tournament presented by Workday
18,Christiaan Bezuidenhout,69.64%,39,56,the Memorial Tournament presented by Workday
18,Austin Eckroat,69.64%,39,56,the Memorial Tournament presented by Workday
18,Viktor Hovland,69.64%,39,56,the Memorial Tournament presented by Workday
18,Hideki Matsuyama,69.64%,39,56,the Memorial Tournament presented by Workday
22,Matt Fitzpatrick,67.86%,38,56,the Memorial Tournament presented by Workday
22,Emiliano Grillo,67.86%,38,56,the Memorial Tournament presented by Workday
22,Matt Kuchar,67.86%,38,56,the Memorial Tournament presented by Workday
22,Rory McIlroy,67.86%,38,56,the Memorial Tournament presented by Workday
22,Scottie Scheffler,67.86%,38,56,the Memorial Tournament presented by Workday
27,Ludvig Åberg,66.07%,37,56,the Memorial Tournament presented by Workday
27,Billy Horschel,66.07%,37,56,the Memorial Tournament presented by Workday
,Field Average,65.29%,,,the Memorial Tournament presented by Workday
29,Keegan Bradley,64.29%,36,56,the Memorial Tournament presented by Workday
29,Thomas Detry,64.29%,36,56,the Memorial Tournament presented by Workday
29,Nick Dunlap,64.29%,36,56,the Memorial Tournament presented by Workday
29,Shane Lowry,64.29%,36,56,the Memorial Tournament presented by Workday
29,Adam Svensson,64.29%,36,56,the Memorial Tournament presented by Workday
34,Eric Cole,62.50%,35,56,the Memorial Tournament presented by Workday
34,Jason Day,62.50%,35,56,the Memorial Tournament presented by Workday
34,Max Homa,62.50%,35,56,the Memorial Tournament presented by Workday
34,Xander Schauffele,62.50%,35,56,the Memorial Tournament presented by Workday
38,Lee Hodges,60.71%,34,56,the Memorial Tournament presented by Workday
38,Alex Noren,60.71%,34,56,the Memorial Tournament presented by Workday
38,J.T. Poston,60.71%,34,56,the Memorial Tournament presented by Workday
38,Justin Thomas,60.71%,34,56,the Memorial Tournament presented by Workday
42,Adam Hadwin,58.93%,33,56,the Memorial Tournament presented by Workday
42,Taylor Pendrith,58.93%,33,56,the Memorial Tournament presented by Workday
42,Victor Perez,58.93%,33,56,the Memorial Tournament presented by Workday
42,Davis Thompson,58.93%,33,56,the Memorial Tournament presented by Workday
42,Cameron Young,58.93%,33,56,the Memorial Tournament presented by Workday
47,Denny McCarthy,55.36%,31,56,the Memorial Tournament presented by Workday
48,Andrew Putnam,53.57%,30,56,the Memorial Tournament presented by Workday
49,Tony Finau,51.79%,29,56,the Memorial Tournament presented by Workday
49,Will Zalatoris,51.79%,29,56,the Memorial Tournament presented by Workday
51,Peter Malnati,44.64%,25,56,the Memorial Tournament presented by Workday
52,Byeong Hun An,42.86%,24,56,the Memorial Tournament presented by Workday
1,Aaron Rai,78.57%,44,56,RBC Canadian Open
2,Carson Young,75.00%,42,56,RBC Canadian Open
3,Jorge Campillo,69.64%,39,56,RBC Canadian Open
3,Mac Meissner,69.64%,39,56,RBC Canadian Open
3,Ryan Moore,69.64%,39,56,RBC Canadian Open
3,Adam Svensson,69.64%,39,56,RBC Canadian Open
7,Sam Burns,67.86%,38,56,RBC Canadian Open
7,Chez Reavie,67.86%,38,56,RBC Canadian Open
7,David Skinns,67.86%,38,56,RBC Canadian Open
10,Ryan Fox,66.07%,37,56,RBC Canadian Open
10,Ryan Palmer,66.07%,37,56,RBC Canadian Open
12,Myles Creighton,64.29%,36,56,RBC Canadian Open
12,Maverick McNealy,64.29%,36,56,RBC Canadian Open
14,Akshay Bhatia,62.50%,35,56,RBC Canadian Open
14,Tyler Duncan,62.50%,35,56,RBC Canadian Open
14,Kelly Kraft,62.50%,35,56,RBC Canadian Open
14,Robert MacIntyre,62.50%,35,56,RBC Canadian Open
18,Harry Hall,60.71%,34,56,RBC Canadian Open
18,Nate Lashley,60.71%,34,56,RBC Canadian Open
18,Andrew Novak,60.71%,34,56,RBC Canadian Open
21,Stewart Cink,58.93%,33,56,RBC Canadian Open
21,Joel Dahmen,58.93%,33,56,RBC Canadian Open
21,Sean O'Hair,58.93%,33,56,RBC Canadian Open
21,Taylor Pendrith,58.93%,33,56,RBC Canadian Open
21,Chandler Phillips,58.93%,33,56,RBC Canadian Open
21,Chad Ramey,58.93%,33,56,RBC Canadian Open
21,Sami Valimaki,58.93%,33,56,RBC Canadian Open
21,Jhonattan Vegas,58.93%,33,56,RBC Canadian Open
21,Matt Wallace,58.93%,33,56,RBC Canadian Open
30,Kevin Streelman,57.14%,32,56,RBC Canadian Open
30,Erik van Rooyen,57.14%,32,56,RBC Canadian Open
32,Zac Blair,55.36%,31,56,RBC Canadian Open
32,Vincent Norrman,55.36%,31,56,RBC Canadian Open
,Field Average,54.75%,,,RBC Canadian Open
34,Erik Barnes,53.57%,30,56,RBC Canadian Open
34,Wil Bateman,53.57%,30,56,RBC Canadian Open
34,Adrien Dumont de Chassart,53.57%,30,56,RBC Canadian Open
34,Chesson Hadley,53.57%,30,56,RBC Canadian Open
34,Mark Hubbard,53.57%,30,56,RBC Canadian Open
34,Shane Lowry,53.57%,30,56,RBC Canadian Open
34,Adam Scott,53.57%,30,56,RBC Canadian Open
34,Sam Stevens,53.57%,30,56,RBC Canadian Open
34,Kevin Yu,53.57%,30,56,RBC Canadian Open
43,Pierceson Coody,51.79%,29,56,RBC Canadian Open
43,Trace Crowe,51.79%,29,56,RBC Canadian Open
43,Tommy Fleetwood,51.79%,29,56,RBC Canadian Open
43,Lanto Griffin,51.79%,29,56,RBC Canadian Open
43,Garrick Higgo,51.79%,29,56,RBC Canadian Open
43,Michael Kim,51.79%,29,56,RBC Canadian Open
43,Tom Kim,51.79%,29,56,RBC Canadian Open
43,C.T. Pan,51.79%,29,56,RBC Canadian Open
43,Vince Whaley,51.79%,29,56,RBC Canadian Open
52,Corey Conners,50.00%,28,56,RBC Canadian Open
52,Ben Griffin,50.00%,28,56,RBC Canadian Open
52,Nick Hardy,50.00%,28,56,RBC Canadian Open
52,Mackenzie Hughes,50.00%,28,56,RBC Canadian Open
56,Jacob Bridgeman,48.21%,27,56,RBC Canadian Open
56,Ryo Hisatsune,48.21%,27,56,RBC Canadian Open
56,Beau Hossler,48.21%,27,56,RBC Canadian Open
56,Rory McIlroy,48.21%,27,56,RBC Canadian Open
56,Victor Perez,48.21%,27,56,RBC Canadian Open
61,Thorbjørn Olesen,46.43%,26,56,RBC Canadian Open
61,Kevin Tway,46.43%,26,56,RBC Canadian Open
63,Joseph Bramlett,44.64%,25,56,RBC Canadian Open
63,Keith Mitchell,44.64%,25,56,RBC Canadian Open
63,Gary Woodland,44.64%,25,56,RBC Canadian Open
63,Brandon Wu,44.64%,25,56,RBC Canadian Open
67,David Hearn,42.86%,24,56,RBC Canadian Open
68,Ben Silverman,41.07%,23,56,RBC Canadian Open
69,Nicolai Højgaard,39.29%,22,56,RBC Canadian Open
1,Collin Morikawa,71.43%,40,56,Charles Schwab Challenge
2,Keegan Bradley,69.64%,39,56,Charles Schwab Challenge
2,Lucas Glover,69.64%,39,56,Charles Schwab Challenge
2,Aaron Rai,69.64%,39,56,Charles Schwab Challenge
2,Jordan Spieth,69.64%,39,56,Charles Schwab Challenge
6,Rickie Fowler,67.86%,38,56,Charles Schwab Challenge
6,Ben Silverman,67.86%,38,56,Charles Schwab Challenge
6,Brendon Todd,67.86%,38,56,Charles Schwab Challenge
9,Mark Hubbard,66.07%,37,56,Charles Schwab Challenge
9,Mac Meissner,66.07%,37,56,Charles Schwab Challenge
9,J.T. Poston,66.07%,37,56,Charles Schwab Challenge
12,Hayden Buckley,64.29%,36,56,Charles Schwab Challenge
12,Zach Johnson,64.29%,36,56,Charles Schwab Challenge
12,Vincent Norrman,64.29%,36,56,Charles Schwab Challenge
12,Sepp Straka,64.29%,36,56,Charles Schwab Challenge
16,Tom Hoge,62.50%,35,56,Charles Schwab Challenge
16,S.H. Kim,62.50%,35,56,Charles Schwab Challenge
16,Tom Kim,62.50%,35,56,Charles Schwab Challenge
16,Kevin Kisner,62.50%,35,56,Charles Schwab Challenge
16,Min Woo Lee,62.50%,35,56,Charles Schwab Challenge
16,David Lipsky,62.50%,35,56,Charles Schwab Challenge
16,Denny McCarthy,62.50%,35,56,Charles Schwab Challenge
16,Matt NeSmith,62.50%,35,56,Charles Schwab Challenge
16,Robby Shelton,62.50%,35,56,Charles Schwab Challenge
16,Kevin Streelman,62.50%,35,56,Charles Schwab Challenge
26,Tony Finau,60.71%,34,56,Charles Schwab Challenge
26,Doug Ghim,60.71%,34,56,Charles Schwab Challenge
26,Ben Martin,60.71%,34,56,Charles Schwab Challenge
26,Troy Merritt,60.71%,34,56,Charles Schwab Challenge
30,Daniel Berger,58.93%,33,56,Charles Schwab Challenge
30,Lee Hodges,58.93%,33,56,Charles Schwab Challenge
30,Si Woo Kim,58.93%,33,56,Charles Schwab Challenge
30,Maverick McNealy,58.93%,33,56,Charles Schwab Challenge
30,Ryan Moore,58.93%,33,56,Charles Schwab Challenge
30,Justin Rose,58.93%,33,56,Charles Schwab Challenge
30,Scottie Scheffler,58.93%,33,56,Charles Schwab Challenge
30,Adam Svensson,58.93%,33,56,Charles Schwab Challenge
38,Christiaan Bezuidenhout,57.14%,32,56,Charles Schwab Challenge
38,Parker Coody,57.14%,32,56,Charles Schwab Challenge
38,Chandler Phillips,57.14%,32,56,Charles Schwab Challenge
38,Davis Riley,57.14%,32,56,Charles Schwab Challenge
38,Adam Scott,57.14%,32,56,Charles Schwab Challenge
,Field Average,56.01%,,,Charles Schwab Challenge
43,Joel Dahmen,55.36%,31,56,Charles Schwab Challenge
43,Brian Harman,55.36%,31,56,Charles Schwab Challenge
45,Thomas Detry,53.57%,30,56,Charles Schwab Challenge
45,Sungjae Im,53.57%,30,56,Charles Schwab Challenge
45,Matt Kuchar,53.57%,30,56,Charles Schwab Challenge
45,Peter Malnati,53.57%,30,56,Charles Schwab Challenge
45,C.T. Pan,53.57%,30,56,Charles Schwab Challenge
45,Patrick Rodgers,53.57%,30,56,Charles Schwab Challenge
45,Davis Thompson,53.57%,30,56,Charles Schwab Challenge
45,Alejandro Tosti,53.57%,30,56,Charles Schwab Challenge
45,Gary Woodland,53.57%,30,56,Charles Schwab Challenge
54,Pierceson Coody,51.79%,29,56,Charles Schwab Challenge
54,Charley Hoffman,51.79%,29,56,Charles Schwab Challenge
54,K.H. Lee,51.79%,29,56,Charles Schwab Challenge
54,Keith Mitchell,51.79%,29,56,Charles Schwab Challenge
58,Emiliano Grillo,50.00%,28,56,Charles Schwab Challenge
58,Kevin Tway,50.00%,28,56,Charles Schwab Challenge
58,Kevin Yu,50.00%,28,56,Charles Schwab Challenge
61,Joseph Bramlett,48.21%,27,56,Charles Schwab Challenge
61,Cam Davis,48.21%,27,56,Charles Schwab Challenge
61,Tyler Duncan,48.21%,27,56,Charles Schwab Challenge
61,Ryan Fox,48.21%,27,56,Charles Schwab Challenge
61,Billy Horschel,48.21%,27,56,Charles Schwab Challenge
61,Martin Laird,48.21%,27,56,Charles Schwab Challenge
61,Callum Tarren,48.21%,27,56,Charles Schwab Challenge
68,Austin Smotherman,46.43%,26,56,Charles Schwab Challenge
69,Nick Hardy,44.64%,25,56,Charles Schwab Challenge
70,Victor Perez,39.29%,22,56,Charles Schwab Challenge
70,Webb Simpson,39.29%,22,56,Charles Schwab Challenge
1,Austin Eckroat,82.14%,46,56,PGA Championship
1,Ben Kohles,82.14%,46,56,PGA Championship
3,Keegan Bradley,80.36%,45,56,PGA Championship
4,Brice Garnett,78.57%,44,56,PGA Championship
4,Tom Kim,78.57%,44,56,PGA Championship
4,Maverick McNealy,78.57%,44,56,PGA Championship
4,Collin Morikawa,78.57%,44,56,PGA Championship
4,Aaron Rai,78.57%,44,56,PGA Championship
9,Doug Ghim,76.79%,43,56,PGA Championship
9,Lee Hodges,76.79%,43,56,PGA Championship
9,Brendon Todd,76.79%,43,56,PGA Championship
12,Tommy Fleetwood,75.00%,42,56,PGA Championship
12,Russell Henley,75.00%,42,56,PGA Championship
12,Jordan Smith,75.00%,42,56,PGA Championship
12,Matt Wallace,75.00%,42,56,PGA Championship
16,Alexander Björk,73.21%,41,56,PGA Championship
16,Mark Hubbard,73.21%,41,56,PGA Championship
16,Grayson Murray,73.21%,41,56,PGA Championship
16,Justin Rose,73.21%,41,56,PGA Championship
16,Xander Schauffele,73.21%,41,56,PGA Championship
16,Jordan Spieth,73.21%,41,56,PGA Championship
16,Adam Svensson,73.21%,41,56,PGA Championship
23,Adam Hadwin,71.43%,40,56,PGA Championship
23,S.H. Kim,71.43%,40,56,PGA Championship
23,Kurt Kitayama,71.43%,40,56,PGA Championship
23,Patrick Reed,71.43%,40,56,PGA Championship
23,Scottie Scheffler,71.43%,40,56,PGA Championship
28,Rickie Fowler,69.64%,39,56,PGA Championship
28,Tyrrell Hatton,69.64%,39,56,PGA Championship
28,Dustin Johnson,69.64%,39,56,PGA Championship
28,Brooks Koepka,69.64%,39,56,PGA Championship
28,Shane Lowry,69.64%,39,56,PGA Championship
33,Corey Conners,67.86%,38,56,PGA Championship
33,Tom Hoge,67.86%,38,56,PGA Championship
33,Billy Horschel,67.86%,38,56,PGA Championship
33,Viktor Hovland,67.86%,38,56,PGA Championship
33,Martin Kaymer,67.86%,38,56,PGA Championship
33,Rory McIlroy,67.86%,38,56,PGA Championship
33,Alex Noren,67.86%,38,56,PGA Championship
33,Andrew Putnam,67.86%,38,56,PGA Championship
33,Sebastian Soderberg,67.86%,38,56,PGA Championship
33,Sahith Theegala,67.86%,38,56,PGA Championship
33,Will Zalatoris,67.86%,38,56,PGA Championship
44,Zac Blair,66.07%,37,56,PGA Championship
44,Thomas Detry,66.07%,37,56,PGA Championship
44,Erik van Rooyen,66.07%,37,56,PGA Championship
44,Cameron Young,66.07%,37,56,PGA Championship
,Field Average,65.30%,,,PGA Championship
48,Jason Day,64.29%,36,56,PGA Championship
48,Luke Donald,64.29%,36,56,PGA Championship
48,Harris English,64.29%,36,56,PGA Championship
48,Lucas Glover,64.29%,36,56,PGA Championship
48,Talor Gooch,64.29%,36,56,PGA Championship
53,Patrick Cantlay,62.50%,35,56,PGA Championship
53,Bryson DeChambeau,62.50%,35,56,PGA Championship
53,Ryo Hisatsune,62.50%,35,56,PGA Championship
53,Taylor Moore,62.50%,35,56,PGA Championship
53,Jesper Svensson,62.50%,35,56,PGA Championship
53,Gary Woodland,62.50%,35,56,PGA Championship
59,Justin Thomas,60.71%,34,56,PGA Championship
60,Byeong Hun An,58.93%,33,56,PGA Championship
60,Brian Harman,58.93%,33,56,PGA Championship
60,Hideki Matsuyama,58.93%,33,56,PGA Championship
60,Joaquin Niemann,58.93%,33,56,PGA Championship
60,Thorbjørn Olesen,58.93%,33,56,PGA Championship
65,Ryan Fox,57.14%,32,56,PGA Championship
65,Min Woo Lee,57.14%,32,56,PGA Championship
65,Robert MacIntyre,57.14%,32,56,PGA Championship
65,Braden Shattuck,57.14%,32,56,PGA Championship
69,Rasmus Højgaard,55.36%,31,56,PGA Championship
69,Max Homa,55.36%,31,56,PGA Championship
69,Cameron Smith,55.36%,31,56,PGA Championship
72,Alejandro Tosti,53.57%,30,56,PGA Championship
73,Dean Burmester,51.79%,29,56,PGA Championship
73,Stephan Jaeger,51.79%,29,56,PGA Championship
73,Jeremy Wells,51.79%,29,56,PGA Championship
76,Lucas Herbert,50.00%,28,56,PGA Championship
77,Nicolai Højgaard,46.43%,26,56,PGA Championship
78,Tony Finau,44.64%,25,56,PGA Championship
1,Andrew Putnam,82.14%,46,56,Wells Fargo Championship
2,Collin Morikawa,80.36%,45,56,Wells Fargo Championship
3,Brendon Todd,78.57%,44,56,Wells Fargo Championship
4,Sungjae Im,76.79%,43,56,Wells Fargo Championship
5,Lucas Glover,75.00%,42,56,Wells Fargo Championship
6,Russell Henley,73.21%,41,56,Wells Fargo Championship
6,Si Woo Kim,73.21%,41,56,Wells Fargo Championship
6,Seamus Power,73.21%,41,56,Wells Fargo Championship
9,Corey Conners,71.43%,40,56,Wells Fargo Championship
9,Adam Svensson,71.43%,40,56,Wells Fargo Championship
11,Tommy Fleetwood,69.64%,39,56,Wells Fargo Championship
11,Tom Hoge,69.64%,39,56,Wells Fargo Championship
11,Chris Kirk,69.64%,39,56,Wells Fargo Championship
14,Austin Eckroat,67.86%,38,56,Wells Fargo Championship
14,Ben Kohles,67.86%,38,56,Wells Fargo Championship
14,Jordan Spieth,67.86%,38,56,Wells Fargo Championship
14,Nick Taylor,67.86%,38,56,Wells Fargo Championship
18,Sam Burns,66.07%,37,56,Wells Fargo Championship
18,Matthew Fitzpatrick,66.07%,37,56,Wells Fargo Championship
18,Mackenzie Hughes,66.07%,37,56,Wells Fargo Championship
18,Tom Kim,66.07%,37,56,Wells Fargo Championship
18,Shane Lowry,66.07%,37,56,Wells Fargo Championship
18,Xander Schauffele,66.07%,37,56,Wells Fargo Championship
18,Sepp Straka,66.07%,37,56,Wells Fargo Championship
25,Emiliano Grillo,64.29%,36,56,Wells Fargo Championship
25,Billy Horschel,64.29%,36,56,Wells Fargo Championship
25,Matt Kuchar,64.29%,36,56,Wells Fargo Championship
25,J.T. Poston,64.29%,36,56,Wells Fargo Championship
25,Webb Simpson,64.29%,36,56,Wells Fargo Championship
25,Cameron Young,64.29%,36,56,Wells Fargo Championship
31,Keegan Bradley,62.50%,35,56,Wells Fargo Championship
31,Harris English,62.50%,35,56,Wells Fargo Championship
31,Rickie Fowler,62.50%,35,56,Wells Fargo Championship
31,Lee Hodges,62.50%,35,56,Wells Fargo Championship
31,Stephan Jaeger,62.50%,35,56,Wells Fargo Championship
31,Alex Noren,62.50%,35,56,Wells Fargo Championship
31,Justin Rose,62.50%,35,56,Wells Fargo Championship
31,Sahith Theegala,62.50%,35,56,Wells Fargo Championship
31,Justin Thomas,62.50%,35,56,Wells Fargo Championship
,Field Average,61.92%,,,Wells Fargo Championship
40,Christiaan Bezuidenhout,60.71%,34,56,Wells Fargo Championship
40,Denny McCarthy,60.71%,34,56,Wells Fargo Championship
40,Taylor Moore,60.71%,34,56,Wells Fargo Championship
40,Grayson Murray,60.71%,34,56,Wells Fargo Championship
40,Will Zalatoris,60.71%,34,56,Wells Fargo Championship
45,Byeong Hun An,58.93%,33,56,Wells Fargo Championship
45,Brian Harman,58.93%,33,56,Wells Fargo Championship
47,Jason Day,57.14%,32,56,Wells Fargo Championship
47,Jake Knapp,57.14%,32,56,Wells Fargo Championship
47,Adam Scott,57.14%,32,56,Wells Fargo Championship
47,Kevin Tway,57.14%,32,56,Wells Fargo Championship
47,Gary Woodland,57.14%,32,56,Wells Fargo Championship
52,Wyndham Clark,55.36%,31,56,Wells Fargo Championship
52,Adam Hadwin,55.36%,31,56,Wells Fargo Championship
52,Kurt Kitayama,55.36%,31,56,Wells Fargo Championship
52,Taylor Pendrith,55.36%,31,56,Wells Fargo Championship
56,Patrick Cantlay,53.57%,30,56,Wells Fargo Championship
56,Patrick Rodgers,53.57%,30,56,Wells Fargo Championship
56,Adam Schenk,53.57%,30,56,Wells Fargo Championship
59,Rory McIlroy,51.79%,29,56,Wells Fargo Championship
60,Viktor Hovland,50.00%,28,56,Wells Fargo Championship
60,Matthieu Pavon,50.00%,28,56,Wells Fargo Championship
62,Akshay Bhatia,48.21%,27,56,Wells Fargo Championship
62,Cam Davis,48.21%,27,56,Wells Fargo Championship
62,Max Homa,48.21%,27,56,Wells Fargo Championship
65,Eric Cole,46.43%,26,56,Wells Fargo Championship
65,Tony Finau,46.43%,26,56,Wells Fargo Championship
67,Nick Dunlap,42.86%,24,56,Wells Fargo Championship
67,Peter Malnati,42.86%,24,56,Wells Fargo Championship
1,Sam Stevens,73.21%,41,56,Myrtle Beach Classic
2,Hayden Buckley,69.64%,39,56,Myrtle Beach Classic
2,Patton Kizzire,69.64%,39,56,Myrtle Beach Classic
2,Sean O'Hair,69.64%,39,56,Myrtle Beach Classic
2,Victor Perez,69.64%,39,56,Myrtle Beach Classic
6,Blades Brown,67.86%,38,56,Myrtle Beach Classic
6,Harry Hall,67.86%,38,56,Myrtle Beach Classic
6,Sam Ryder,67.86%,38,56,Myrtle Beach Classic
6,Ben Silverman,67.86%,38,56,Myrtle Beach Classic
10,Carson Young,66.07%,37,56,Myrtle Beach Classic
11,Lanto Griffin,64.29%,36,56,Myrtle Beach Classic
11,Thriston Lawrence,64.29%,36,56,Myrtle Beach Classic
11,Chez Reavie,64.29%,36,56,Myrtle Beach Classic
11,Davis Thompson,64.29%,36,56,Myrtle Beach Classic
15,Chesson Hadley,62.50%,35,56,Myrtle Beach Classic
15,Chan Kim,62.50%,35,56,Myrtle Beach Classic
15,William McGirt,62.50%,35,56,Myrtle Beach Classic
15,Robby Shelton,62.50%,35,56,Myrtle Beach Classic
15,Greyson Sigg,62.50%,35,56,Myrtle Beach Classic
15,Alex Smalley,62.50%,35,56,Myrtle Beach Classic
15,Austin Smotherman,62.50%,35,56,Myrtle Beach Classic
15,Justin Suh,62.50%,35,56,Myrtle Beach Classic
15,Kevin Yu,62.50%,35,56,Myrtle Beach Classic
24,Jorge Campillo,60.71%,34,56,Myrtle Beach Classic
24,Trace Crowe,60.71%,34,56,Myrtle Beach Classic
24,Harry Higgs,60.71%,34,56,Myrtle Beach Classic
24,Ryan McCormick,60.71%,34,56,Myrtle Beach Classic
24,Mac Meissner,60.71%,34,56,Myrtle Beach Classic
24,Matt NeSmith,60.71%,34,56,Myrtle Beach Classic
24,J.J. Spaun,60.71%,34,56,Myrtle Beach Classic
24,Kevin Streelman,60.71%,34,56,Myrtle Beach Classic
32,Daniel Berger,58.93%,33,56,Myrtle Beach Classic
32,Alexander Björk,58.93%,33,56,Myrtle Beach Classic
32,Adrien Dumont de Chassart,58.93%,33,56,Myrtle Beach Classic
32,Ben Griffin,58.93%,33,56,Myrtle Beach Classic
32,Beau Hossler,58.93%,33,56,Myrtle Beach Classic
32,Henrik Norlander,58.93%,33,56,Myrtle Beach Classic
32,Andrew Novak,58.93%,33,56,Myrtle Beach Classic
32,Chandler Phillips,58.93%,33,56,Myrtle Beach Classic
,Field Average,57.14%,,,Myrtle Beach Classic
40,S.H. Kim,57.14%,32,56,Myrtle Beach Classic
40,Robert MacIntyre,57.14%,32,56,Myrtle Beach Classic
40,Troy Merritt,57.14%,32,56,Myrtle Beach Classic
40,Scott Piercy,57.14%,32,56,Myrtle Beach Classic
40,Roger Sloan,57.14%,32,56,Myrtle Beach Classic
45,Joseph Bramlett,55.36%,31,56,Myrtle Beach Classic
45,Matt Wallace,55.36%,31,56,Myrtle Beach Classic
47,Paul Barjon,53.57%,30,56,Myrtle Beach Classic
47,Pierceson Coody,53.57%,30,56,Myrtle Beach Classic
47,Erik van Rooyen,53.57%,30,56,Myrtle Beach Classic
47,Dylan Wu,53.57%,30,56,Myrtle Beach Classic
51,Matt Atkins,51.79%,29,56,Myrtle Beach Classic
51,Joel Dahmen,51.79%,29,56,Myrtle Beach Classic
51,Taylor Dickson,51.79%,29,56,Myrtle Beach Classic
51,Davis Riley,51.79%,29,56,Myrtle Beach Classic
51,Martin Trainer,51.79%,29,56,Myrtle Beach Classic
56,Patrick Fishburn,50.00%,28,56,Myrtle Beach Classic
56,Michael Kim,50.00%,28,56,Myrtle Beach Classic
56,David Skinns,50.00%,28,56,Myrtle Beach Classic
56,Carl Yuan,50.00%,28,56,Myrtle Beach Classic
60,Anders Albertson,48.21%,27,56,Myrtle Beach Classic
60,Jacob Bridgeman,48.21%,27,56,Myrtle Beach Classic
60,Zecheng Dou,48.21%,27,56,Myrtle Beach Classic
60,Chris Gotterup,48.21%,27,56,Myrtle Beach Classic
64,Parker Coody,46.43%,26,56,Myrtle Beach Classic
64,Ryan Fox,46.43%,26,56,Myrtle Beach Classic
64,S.Y. Noh,46.43%,26,56,Myrtle Beach Classic
67,Alistair Docherty,44.64%,25,56,Myrtle Beach Classic
67,Max Greyserman,44.64%,25,56,Myrtle Beach Classic
67,Thorbjørn Olesen,44.64%,25,56,Myrtle Beach Classic
67,Alejandro Tosti,44.64%,25,56,Myrtle Beach Classic
1,Aaron Rai,83.93%,47,56,THE CJ CUP Byron Nelson
2,Carson Young,78.57%,44,56,THE CJ CUP Byron Nelson
3,Mark Hubbard,76.79%,43,56,THE CJ CUP Byron Nelson
3,Kelly Kraft,76.79%,43,56,THE CJ CUP Byron Nelson
5,Ben Kohles,75.00%,42,56,THE CJ CUP Byron Nelson
6,Aaron Baddeley,73.21%,41,56,THE CJ CUP Byron Nelson
6,Tom Hoge,73.21%,41,56,THE CJ CUP Byron Nelson
6,Scott Piercy,73.21%,41,56,THE CJ CUP Byron Nelson
6,Alex Smalley,73.21%,41,56,THE CJ CUP Byron Nelson
10,Daniel Berger,71.43%,40,56,THE CJ CUP Byron Nelson
10,Hayden Buckley,71.43%,40,56,THE CJ CUP Byron Nelson
10,Austin Cook,71.43%,40,56,THE CJ CUP Byron Nelson
10,Taiga Semikawa,71.43%,40,56,THE CJ CUP Byron Nelson
10,Tom Whitney,71.43%,40,56,THE CJ CUP Byron Nelson
15,Joel Dahmen,69.64%,39,56,THE CJ CUP Byron Nelson
15,Alex Noren,69.64%,39,56,THE CJ CUP Byron Nelson
15,Adam Schenk,69.64%,39,56,THE CJ CUP Byron Nelson
15,Brandt Snedeker,69.64%,39,56,THE CJ CUP Byron Nelson
19,Ryo Hisatsune,67.86%,38,56,THE CJ CUP Byron Nelson
19,Martin Laird,67.86%,38,56,THE CJ CUP Byron Nelson
19,Max McGreevy,67.86%,38,56,THE CJ CUP Byron Nelson
19,Henrik Norlander,67.86%,38,56,THE CJ CUP Byron Nelson
19,Davis Riley,67.86%,38,56,THE CJ CUP Byron Nelson
19,Kevin Tway,67.86%,38,56,THE CJ CUP Byron Nelson
25,Kevin Chappell,66.07%,37,56,THE CJ CUP Byron Nelson
25,Ben Martin,66.07%,37,56,THE CJ CUP Byron Nelson
27,Nico Echavarria,64.29%,36,56,THE CJ CUP Byron Nelson
27,Mackenzie Hughes,64.29%,36,56,THE CJ CUP Byron Nelson
27,Tom Kim,64.29%,36,56,THE CJ CUP Byron Nelson
27,Min Woo Lee,64.29%,36,56,THE CJ CUP Byron Nelson
27,Maverick McNealy,64.29%,36,56,THE CJ CUP Byron Nelson
27,Andrew Novak,64.29%,36,56,THE CJ CUP Byron Nelson
27,Taylor Pendrith,64.29%,36,56,THE CJ CUP Byron Nelson
27,Adam Scott,64.29%,36,56,THE CJ CUP Byron Nelson
35,Kevin Dougherty,62.50%,35,56,THE CJ CUP Byron Nelson
35,Stephan Jaeger,62.50%,35,56,THE CJ CUP Byron Nelson
35,Sung Kang,62.50%,35,56,THE CJ CUP Byron Nelson
35,Kris Kim,62.50%,35,56,THE CJ CUP Byron Nelson
35,K.H. Lee,62.50%,35,56,THE CJ CUP Byron Nelson
35,Luke List,62.50%,35,56,THE CJ CUP Byron Nelson
,Field Average,61.94%,,,THE CJ CUP Byron Nelson
41,Rafael Campos,60.71%,34,56,THE CJ CUP Byron Nelson
41,Si Woo Kim,60.71%,34,56,THE CJ CUP Byron Nelson
41,Justin Lower,60.71%,34,56,THE CJ CUP Byron Nelson
41,Keith Mitchell,60.71%,34,56,THE CJ CUP Byron Nelson
45,Tyson Alexander,58.93%,33,56,THE CJ CUP Byron Nelson
45,Byeong Hun An,58.93%,33,56,THE CJ CUP Byron Nelson
45,Nick Dunlap,58.93%,33,56,THE CJ CUP Byron Nelson
45,Harrison Endycott,58.93%,33,56,THE CJ CUP Byron Nelson
45,Ben Griffin,58.93%,33,56,THE CJ CUP Byron Nelson
45,Jake Knapp,58.93%,33,56,THE CJ CUP Byron Nelson
45,Sam Stevens,58.93%,33,56,THE CJ CUP Byron Nelson
52,Jorge Campillo,57.14%,32,56,THE CJ CUP Byron Nelson
52,S.H. Kim,57.14%,32,56,THE CJ CUP Byron Nelson
52,Troy Merritt,57.14%,32,56,THE CJ CUP Byron Nelson
52,Matt Wallace,57.14%,32,56,THE CJ CUP Byron Nelson
56,Jason Day,55.36%,31,56,THE CJ CUP Byron Nelson
56,Zach Johnson,55.36%,31,56,THE CJ CUP Byron Nelson
58,Adrien Dumont de Chassart,53.57%,30,56,THE CJ CUP Byron Nelson
58,Chris Gotterup,53.57%,30,56,THE CJ CUP Byron Nelson
58,Vince Whaley,53.57%,30,56,THE CJ CUP Byron Nelson
61,Patton Kizzire,51.79%,29,56,THE CJ CUP Byron Nelson
61,David Skinns,51.79%,29,56,THE CJ CUP Byron Nelson
63,Dylan Wu,50.00%,28,56,THE CJ CUP Byron Nelson
64,Beau Hossler,48.21%,27,56,THE CJ CUP Byron Nelson
64,S.Y. Noh,48.21%,27,56,THE CJ CUP Byron Nelson
66,Ryan McCormick,44.64%,25,56,THE CJ CUP Byron Nelson
1,Collin Morikawa,83.93%,47,56,RBC Heritage
2,Sepp Straka,82.14%,46,56,RBC Heritage
3,Scottie Scheffler,80.36%,45,56,RBC Heritage
4,Austin Eckroat,78.57%,44,56,RBC Heritage
5,Russell Henley,76.79%,43,56,RBC Heritage
6,Matt Fitzpatrick,75.00%,42,56,RBC Heritage
6,Lucas Glover,75.00%,42,56,RBC Heritage
6,Si Woo Kim,75.00%,42,56,RBC Heritage
6,Justin Rose,75.00%,42,56,RBC Heritage
10,Jason Day,73.21%,41,56,RBC Heritage
10,Brian Harman,73.21%,41,56,RBC Heritage
10,Jake Knapp,73.21%,41,56,RBC Heritage
10,Brendon Todd,73.21%,41,56,RBC Heritage
14,Wyndham Clark,71.43%,40,56,RBC Heritage
14,Harris English,71.43%,40,56,RBC Heritage
14,Denny McCarthy,71.43%,40,56,RBC Heritage
14,Chandler Phillips,71.43%,40,56,RBC Heritage
14,Andrew Putnam,71.43%,40,56,RBC Heritage
19,Ludvig Åberg,69.64%,39,56,RBC Heritage
19,J.T. Poston,69.64%,39,56,RBC Heritage
19,Seamus Power,69.64%,39,56,RBC Heritage
22,Byeong Hun An,67.86%,38,56,RBC Heritage
22,Christiaan Bezuidenhout,67.86%,38,56,RBC Heritage
22,Tommy Fleetwood,67.86%,38,56,RBC Heritage
22,Rickie Fowler,67.86%,38,56,RBC Heritage
22,Tom Hoge,67.86%,38,56,RBC Heritage
22,Tom Kim,67.86%,38,56,RBC Heritage
22,Adam Schenk,67.86%,38,56,RBC Heritage
29,Keegan Bradley,66.07%,37,56,RBC Heritage
29,Sam Burns,66.07%,37,56,RBC Heritage
29,Eric Cole,66.07%,37,56,RBC Heritage
29,Brice Garnett,66.07%,37,56,RBC Heritage
29,Adam Hadwin,66.07%,37,56,RBC Heritage
29,Sungjae Im,66.07%,37,56,RBC Heritage
29,Kurt Kitayama,66.07%,37,56,RBC Heritage
29,Rory McIlroy,66.07%,37,56,RBC Heritage
29,Webb Simpson,66.07%,37,56,RBC Heritage
,Field Average,65.63%,,,RBC Heritage
38,Cam Davis,64.29%,36,56,RBC Heritage
38,Thomas Detry,64.29%,36,56,RBC Heritage
38,Nick Dunlap,64.29%,36,56,RBC Heritage
38,Shane Lowry,64.29%,36,56,RBC Heritage
38,Patrick Rodgers,64.29%,36,56,RBC Heritage
38,Jordan Spieth,64.29%,36,56,RBC Heritage
44,Tony Finau,62.50%,35,56,RBC Heritage
44,Max Homa,62.50%,35,56,RBC Heritage
44,Mackenzie Hughes,62.50%,35,56,RBC Heritage
44,Taylor Moore,62.50%,35,56,RBC Heritage
44,Xander Schauffele,62.50%,35,56,RBC Heritage
44,Nick Taylor,62.50%,35,56,RBC Heritage
50,Lee Hodges,60.71%,34,56,RBC Heritage
50,Grayson Murray,60.71%,34,56,RBC Heritage
50,Matthieu Pavon,60.71%,34,56,RBC Heritage
53,Chris Kirk,58.93%,33,56,RBC Heritage
53,Justin Thomas,58.93%,33,56,RBC Heritage
53,Erik van Rooyen,58.93%,33,56,RBC Heritage
53,Gary Woodland,58.93%,33,56,RBC Heritage
53,Cameron Young,58.93%,33,56,RBC Heritage
58,Erik Barnes,57.14%,32,56,RBC Heritage
58,Akshay Bhatia,57.14%,32,56,RBC Heritage
58,Peter Malnati,57.14%,32,56,RBC Heritage
58,Will Zalatoris,57.14%,32,56,RBC Heritage
62,Emiliano Grillo,55.36%,31,56,RBC Heritage
62,Adam Svensson,55.36%,31,56,RBC Heritage
62,Alejandro Tosti,55.36%,31,56,RBC Heritage
65,Corey Conners,53.57%,30,56,RBC Heritage
65,Stephan Jaeger,53.57%,30,56,RBC Heritage
65,Kevin Kisner,53.57%,30,56,RBC Heritage
65,Sahith Theegala,53.57%,30,56,RBC Heritage
69,Patrick Cantlay,51.79%,29,56,RBC Heritage
1,Chez Reavie,96.43%,54,56,Corales Puntacana Championship
2,Troy Merritt,94.64%,53,56,Corales Puntacana Championship
3,Ryan Armour,92.86%,52,56,Corales Puntacana Championship
3,Nico Echavarria,92.86%,52,56,Corales Puntacana Championship
5,Rafael Campos,91.07%,51,56,Corales Puntacana Championship
5,Peter Kuest,91.07%,51,56,Corales Puntacana Championship
5,William McGirt,91.07%,51,56,Corales Puntacana Championship
8,Daniel Berger,87.50%,49,56,Corales Puntacana Championship
8,Billy Horschel,87.50%,49,56,Corales Puntacana Championship
8,Adam Long,87.50%,49,56,Corales Puntacana Championship
8,Ben Martin,87.50%,49,56,Corales Puntacana Championship
12,Joel Dahmen,85.71%,48,56,Corales Puntacana Championship
12,Mark Hubbard,85.71%,48,56,Corales Puntacana Championship
12,Henrik Norlander,85.71%,48,56,Corales Puntacana Championship
12,Greyson Sigg,85.71%,48,56,Corales Puntacana Championship
12,Jhonattan Vegas,85.71%,48,56,Corales Puntacana Championship
12,Tom Whitney,85.71%,48,56,Corales Puntacana Championship
12,Brandon Wu,85.71%,48,56,Corales Puntacana Championship
19,Lanto Griffin,83.93%,47,56,Corales Puntacana Championship
19,Matti Schmid,83.93%,47,56,Corales Puntacana Championship
21,Tyson Alexander,82.14%,46,56,Corales Puntacana Championship
21,Jorge Campillo,82.14%,46,56,Corales Puntacana Championship
21,Harrison Endycott,82.14%,46,56,Corales Puntacana Championship
21,Patrick Fishburn,82.14%,46,56,Corales Puntacana Championship
21,James Hahn,82.14%,46,56,Corales Puntacana Championship
21,Rico Hoey,82.14%,46,56,Corales Puntacana Championship
21,Michael Kim,82.14%,46,56,Corales Puntacana Championship
21,Ryan Palmer,82.14%,46,56,Corales Puntacana Championship
21,Alex Smalley,82.14%,46,56,Corales Puntacana Championship
21,Robert Streb,82.14%,46,56,Corales Puntacana Championship
31,Jacob Bridgeman,80.36%,45,56,Corales Puntacana Championship
31,Wesley Bryan,80.36%,45,56,Corales Puntacana Championship
31,Doug Ghim,80.36%,45,56,Corales Puntacana Championship
31,K.H. Lee,80.36%,45,56,Corales Puntacana Championship
31,Justin Lower,80.36%,45,56,Corales Puntacana Championship
31,Taylor Pendrith,80.36%,45,56,Corales Puntacana Championship
31,Jimmy Stanger,80.36%,45,56,Corales Puntacana Championship
31,Sam Stevens,80.36%,45,56,Corales Puntacana Championship
31,Jimmy Walker,80.36%,45,56,Corales Puntacana Championship
,Field Average,79.61%,,,Corales Puntacana Championship
40,Parker Coody,78.57%,44,56,Corales Puntacana Championship
40,Harry Higgs,78.57%,44,56,Corales Puntacana Championship
40,Alex Noren,78.57%,44,56,Corales Puntacana Championship
40,Scott Piercy,78.57%,44,56,Corales Puntacana Championship
40,Chad Ramey,78.57%,44,56,Corales Puntacana Championship
40,Sam Ryder,78.57%,44,56,Corales Puntacana Championship
40,Callum Tarren,78.57%,44,56,Corales Puntacana Championship
40,Kevin Tway,78.57%,44,56,Corales Puntacana Championship
48,Brandon Berry,76.79%,43,56,Corales Puntacana Championship
48,Erik Compton,76.79%,43,56,Corales Puntacana Championship
48,Trace Crowe,76.79%,43,56,Corales Puntacana Championship
48,Max Greyserman,76.79%,43,56,Corales Puntacana Championship
48,Ben Griffin,76.79%,43,56,Corales Puntacana Championship
48,Scott Gutschewski,76.79%,43,56,Corales Puntacana Championship
48,Chan Kim,76.79%,43,56,Corales Puntacana Championship
48,Patton Kizzire,76.79%,43,56,Corales Puntacana Championship
48,Victor Perez,76.79%,43,56,Corales Puntacana Championship
48,Richy Werenski,76.79%,43,56,Corales Puntacana Championship
58,Bill Haas,75.00%,42,56,Corales Puntacana Championship
58,Sean O'Hair,75.00%,42,56,Corales Puntacana Championship
60,Pierceson Coody,73.21%,41,56,Corales Puntacana Championship
60,Zecheng Dou,73.21%,41,56,Corales Puntacana Championship
60,Alex Fitzpatrick,73.21%,41,56,Corales Puntacana Championship
60,Charley Hoffman,73.21%,41,56,Corales Puntacana Championship
60,Matt NeSmith,73.21%,41,56,Corales Puntacana Championship
60,Austin Smotherman,73.21%,41,56,Corales Puntacana Championship
60,Davis Thompson,73.21%,41,56,Corales Puntacana Championship
67,S.H. Kim,71.43%,40,56,Corales Puntacana Championship
67,Vince Whaley,71.43%,40,56,Corales Puntacana Championship
69,Adrien Dumont de Chassart,69.64%,39,56,Corales Puntacana Championship
70,Wilson Furr,64.29%,36,56,Corales Puntacana Championship
,Field Average,.00%,,,Masters Tournament
1,Ludvig Åberg,.00%,44,0,Masters Tournament
1,Byeong Hun An,.00%,37,0,Masters Tournament
1,Akshay Bhatia,.00%,40,0,Masters Tournament
1,Keegan Bradley,.00%,35,0,Masters Tournament
1,Patrick Cantlay,.00%,42,0,Masters Tournament
1,Eric Cole,.00%,37,0,Masters Tournament
1,Corey Conners,.00%,40,0,Masters Tournament
1,Cam Davis,.00%,45,0,Masters Tournament
1,Jason Day,.00%,35,0,Masters Tournament
1,Bryson DeChambeau,.00%,42,0,Masters Tournament
1,Harris English,.00%,44,0,Masters Tournament
1,Tony Finau,.00%,40,0,Masters Tournament
1,Matt Fitzpatrick,.00%,42,0,Masters Tournament
1,Tommy Fleetwood,.00%,47,0,Masters Tournament
1,Rickie Fowler,.00%,37,0,Masters Tournament
1,Ryan Fox,.00%,37,0,Masters Tournament
1,Lucas Glover,.00%,46,0,Masters Tournament
1,Adam Hadwin,.00%,35,0,Masters Tournament
1,Tyrrell Hatton,.00%,39,0,Masters Tournament
1,Russell Henley,.00%,44,0,Masters Tournament
1,Nicolai Højgaard,.00%,36,0,Masters Tournament
1,Max Homa,.00%,45,0,Masters Tournament
1,Si Woo Kim,.00%,49,0,Masters Tournament
1,Tom Kim,.00%,44,0,Masters Tournament
1,Chris Kirk,.00%,41,0,Masters Tournament
1,Kurt Kitayama,.00%,46,0,Masters Tournament
1,Jake Knapp,.00%,38,0,Masters Tournament
1,Brooks Koepka,.00%,35,0,Masters Tournament
1,Min Woo Lee,.00%,44,0,Masters Tournament
1,Luke List,.00%,34,0,Masters Tournament
1,Shane Lowry,.00%,43,0,Masters Tournament
1,Hideki Matsuyama,.00%,35,0,Masters Tournament
1,Denny McCarthy,.00%,38,0,Masters Tournament
1,Rory McIlroy,.00%,36,0,Masters Tournament
1,Phil Mickelson,.00%,36,0,Masters Tournament
1,Taylor Moore,.00%,39,0,Masters Tournament
1,Collin Morikawa,.00%,46,0,Masters Tournament
1,Grayson Murray,.00%,39,0,Masters Tournament
1,Joaquin Niemann,.00%,39,0,Masters Tournament
1,José María Olazábal,.00%,44,0,Masters Tournament
1,Thorbjørn Olesen,.00%,40,0,Masters Tournament
1,Matthieu Pavon,.00%,45,0,Masters Tournament
1,J.T. Poston,.00%,44,0,Masters Tournament
1,Jon Rahm,.00%,39,0,Masters Tournament
1,Patrick Reed,.00%,39,0,Masters Tournament
1,Xander Schauffele,.00%,37,0,Masters Tournament
1,Scottie Scheffler,.00%,44,0,Masters Tournament
1,Adam Schenk,.00%,39,0,Masters Tournament
1,Adam Scott,.00%,36,0,Masters Tournament
1,Neal Shipley,.00%,37,0,Masters Tournament
1,Vijay Singh,.00%,41,0,Masters Tournament
1,Cameron Smith,.00%,39,0,Masters Tournament
1,Sepp Straka,.00%,45,0,Masters Tournament
1,Sahith Theegala,.00%,39,0,Masters Tournament
1,Erik van Rooyen,.00%,36,0,Masters Tournament
1,Camilo Villegas,.00%,36,0,Masters Tournament
1,Danny Willett,.00%,35,0,Masters Tournament
1,Tiger Woods,.00%,38,0,Masters Tournament
1,Cameron Young,.00%,42,0,Masters Tournament
1,Will Zalatoris,.00%,42,0,Masters Tournament
1,Tommy Fleetwood,67.86%,38,56,Valero Texas Open
1,Ben Martin,67.86%,38,56,Valero Texas Open
3,Ben Kohles,66.07%,37,56,Valero Texas Open
3,Brendon Todd,66.07%,37,56,Valero Texas Open
5,Brian Harman,64.29%,36,56,Valero Texas Open
5,Webb Simpson,64.29%,36,56,Valero Texas Open
7,Ludvig Åberg,62.50%,35,56,Valero Texas Open
7,Chez Reavie,62.50%,35,56,Valero Texas Open
9,Bronson Burgoon,60.71%,34,56,Valero Texas Open
10,Lucas Glover,58.93%,33,56,Valero Texas Open
10,Garrick Higgo,58.93%,33,56,Valero Texas Open
10,Martin Laird,58.93%,33,56,Valero Texas Open
10,Nate Lashley,58.93%,33,56,Valero Texas Open
10,Jordan Spieth,58.93%,33,56,Valero Texas Open
15,Tyler Duncan,57.14%,32,56,Valero Texas Open
15,Adam Scott,57.14%,32,56,Valero Texas Open
17,Stewart Cink,55.36%,31,56,Valero Texas Open
17,Russell Henley,55.36%,31,56,Valero Texas Open
17,Rico Hoey,55.36%,31,56,Valero Texas Open
17,Charley Hoffman,55.36%,31,56,Valero Texas Open
17,Beau Hossler,55.36%,31,56,Valero Texas Open
17,Mark Hubbard,55.36%,31,56,Valero Texas Open
17,Chan Kim,55.36%,31,56,Valero Texas Open
17,Brandt Snedeker,55.36%,31,56,Valero Texas Open
17,J.J. Spaun,55.36%,31,56,Valero Texas Open
17,Tom Whitney,55.36%,31,56,Valero Texas Open
27,Christiaan Bezuidenhout,53.57%,30,56,Valero Texas Open
27,Austin Eckroat,53.57%,30,56,Valero Texas Open
27,Mac Meissner,53.57%,30,56,Valero Texas Open
27,Keith Mitchell,53.57%,30,56,Valero Texas Open
27,Ryan Moore,53.57%,30,56,Valero Texas Open
27,Collin Morikawa,53.57%,30,56,Valero Texas Open
27,Ben Silverman,53.57%,30,56,Valero Texas Open
34,Tyson Alexander,51.79%,29,56,Valero Texas Open
34,Alexander Björk,51.79%,29,56,Valero Texas Open
34,Pierceson Coody,51.79%,29,56,Valero Texas Open
34,Ben Griffin,51.79%,29,56,Valero Texas Open
34,Kevin Kisner,51.79%,29,56,Valero Texas Open
34,Peter Kuest,51.79%,29,56,Valero Texas Open
34,Denny McCarthy,51.79%,29,56,Valero Texas Open
34,C.T. Pan,51.79%,29,56,Valero Texas Open
34,Victor Perez,51.79%,29,56,Valero Texas Open
34,Andrew Putnam,51.79%,29,56,Valero Texas Open
34,Carl Yuan,51.79%,29,56,Valero Texas Open
45,Akshay Bhatia,50.00%,28,56,Valero Texas Open
45,Lanto Griffin,50.00%,28,56,Valero Texas Open
45,Nick Hardy,50.00%,28,56,Valero Texas Open
45,Joe Highsmith,50.00%,28,56,Valero Texas Open
45,Nicolai Højgaard,50.00%,28,56,Valero Texas Open
45,Max Homa,50.00%,28,56,Valero Texas Open
45,David Lipsky,50.00%,28,56,Valero Texas Open
45,Hideki Matsuyama,50.00%,28,56,Valero Texas Open
45,Aaron Rai,50.00%,28,56,Valero Texas Open
,Field Average,48.61%,,,Valero Texas Open
54,Kevin Yu,48.21%,27,56,Valero Texas Open
55,Rory McIlroy,46.43%,26,56,Valero Texas Open
55,Maverick McNealy,46.43%,26,56,Valero Texas Open
55,Vincent Norrman,46.43%,26,56,Valero Texas Open
55,Matti Schmid,46.43%,26,56,Valero Texas Open
55,Kevin Streelman,46.43%,26,56,Valero Texas Open
55,Josh Teater,46.43%,26,56,Valero Texas Open
61,Bud Cauley,44.64%,25,56,Valero Texas Open
61,Thorbjørn Olesen,44.64%,25,56,Valero Texas Open
61,Adam Schenk,44.64%,25,56,Valero Texas Open
61,Robby Shelton,44.64%,25,56,Valero Texas Open
61,Sam Stevens,44.64%,25,56,Valero Texas Open
61,Adam Svensson,44.64%,25,56,Valero Texas Open
61,Davis Thompson,44.64%,25,56,Valero Texas Open
68,Kevin Chappell,42.86%,24,56,Valero Texas Open
68,Matt Fitzpatrick,42.86%,24,56,Valero Texas Open
68,Alex Noren,42.86%,24,56,Valero Texas Open
68,Andrew Novak,42.86%,24,56,Valero Texas Open
68,Hayden Springer,42.86%,24,56,Valero Texas Open
73,Corey Conners,41.07%,23,56,Valero Texas Open
73,Parker Coody,41.07%,23,56,Valero Texas Open
73,Harry Hall,41.07%,23,56,Valero Texas Open
73,Dylan Wu,41.07%,23,56,Valero Texas Open
77,Justin Lower,39.29%,22,56,Valero Texas Open
78,Aaron Baddeley,35.71%,20,56,Valero Texas Open
79,S.H. Kim,33.93%,19,56,Valero Texas Open
79,Ryan McCormick,33.93%,19,56,Valero Texas Open
81,Ryo Hisatsune,32.14%,18,56,Valero Texas Open
82,Vince Whaley,28.57%,16,56,Valero Texas Open
1,Daniel Berger,71.15%,37,52,Texas Children's Houston Open
1,Akshay Bhatia,71.15%,37,52,Texas Children's Houston Open
3,Si Woo Kim,69.23%,36,52,Texas Children's Houston Open
3,Nate Lashley,69.23%,36,52,Texas Children's Houston Open
3,Ryan Moore,69.23%,36,52,Texas Children's Houston Open
6,Sam Bennett,67.31%,35,52,Texas Children's Houston Open
6,Tony Finau,67.31%,35,52,Texas Children's Houston Open
6,Billy Horschel,67.31%,35,52,Texas Children's Houston Open
9,K.H. Lee,65.38%,34,52,Texas Children's Houston Open
9,Alex Noren,65.38%,34,52,Texas Children's Houston Open
9,Chad Ramey,65.38%,34,52,Texas Children's Houston Open
12,Ryan Palmer,63.46%,33,52,Texas Children's Houston Open
12,Aaron Rai,63.46%,33,52,Texas Children's Houston Open
12,Dylan Wu,63.46%,33,52,Texas Children's Houston Open
15,Bud Cauley,61.54%,32,52,Texas Children's Houston Open
15,Cam Davis,61.54%,32,52,Texas Children's Houston Open
15,Joe Highsmith,61.54%,32,52,Texas Children's Houston Open
15,Martin Laird,61.54%,32,52,Texas Children's Houston Open
15,Taylor Moore,61.54%,32,52,Texas Children's Houston Open
15,Greyson Sigg,61.54%,32,52,Texas Children's Houston Open
21,Jacob Bridgeman,59.62%,31,52,Texas Children's Houston Open
21,Andrew Novak,59.62%,31,52,Texas Children's Houston Open
21,Davis Riley,59.62%,31,52,Texas Children's Houston Open
21,Scottie Scheffler,59.62%,31,52,Texas Children's Houston Open
21,Sahith Theegala,59.62%,31,52,Texas Children's Houston Open
26,Tom Hoge,57.69%,30,52,Texas Children's Houston Open
26,Chan Kim,57.69%,30,52,Texas Children's Houston Open
26,Kurt Kitayama,57.69%,30,52,Texas Children's Houston Open
26,Patrick Rodgers,57.69%,30,52,Texas Children's Houston Open
26,Callum Tarren,57.69%,30,52,Texas Children's Houston Open
31,Ryan Brehm,55.77%,29,52,Texas Children's Houston Open
31,Cameron Champ,55.77%,29,52,Texas Children's Houston Open
31,Pierceson Coody,55.77%,29,52,Texas Children's Houston Open
31,Austin Cook,55.77%,29,52,Texas Children's Houston Open
31,Thomas Detry,55.77%,29,52,Texas Children's Houston Open
31,Mark Hubbard,55.77%,29,52,Texas Children's Houston Open
31,Davis Thompson,55.77%,29,52,Texas Children's Houston Open
38,Joseph Bramlett,53.85%,28,52,Texas Children's Houston Open
38,Kevin Dougherty,53.85%,28,52,Texas Children's Houston Open
38,Harrison Endycott,53.85%,28,52,Texas Children's Houston Open
38,Lanto Griffin,53.85%,28,52,Texas Children's Houston Open
38,Stephan Jaeger,53.85%,28,52,Texas Children's Houston Open
38,Adam Long,53.85%,28,52,Texas Children's Houston Open
38,Matti Schmid,53.85%,28,52,Texas Children's Houston Open
38,Ben Silverman,53.85%,28,52,Texas Children's Houston Open
38,Sam Stevens,53.85%,28,52,Texas Children's Houston Open
47,Max Greyserman,51.92%,27,52,Texas Children's Houston Open
47,James Hahn,51.92%,27,52,Texas Children's Houston Open
47,Harry Hall,51.92%,27,52,Texas Children's Houston Open
47,Justin Lower,51.92%,27,52,Texas Children's Houston Open
47,Victor Perez,51.92%,27,52,Texas Children's Houston Open
47,J.J. Spaun,51.92%,27,52,Texas Children's Houston Open
47,Will Zalatoris,51.92%,27,52,Texas Children's Houston Open
,Field Average,51.84%,,,Texas Children's Houston Open
54,Aaron Baddeley,50.00%,26,52,Texas Children's Houston Open
54,Nick Hardy,50.00%,26,52,Texas Children's Houston Open
54,Mackenzie Hughes,50.00%,26,52,Texas Children's Houston Open
54,Michael Kim,50.00%,26,52,Texas Children's Houston Open
54,Adam Svensson,50.00%,26,52,Texas Children's Houston Open
59,Erik Barnes,48.08%,25,52,Texas Children's Houston Open
59,Wyndham Clark,48.08%,25,52,Texas Children's Houston Open
59,Wilson Furr,48.08%,25,52,Texas Children's Houston Open
59,Chandler Phillips,48.08%,25,52,Texas Children's Houston Open
63,Emilio Gonzalez,46.15%,24,52,Texas Children's Houston Open
63,Chris Gotterup,46.15%,24,52,Texas Children's Houston Open
63,Ben Griffin,46.15%,24,52,Texas Children's Houston Open
63,S.H. Kim,46.15%,24,52,Texas Children's Houston Open
63,Vincent Norrman,46.15%,24,52,Texas Children's Houston Open
63,Taylor Pendrith,46.15%,24,52,Texas Children's Houston Open
63,Sam Ryder,46.15%,24,52,Texas Children's Houston Open
63,David Skinns,46.15%,24,52,Texas Children's Houston Open
63,Gary Woodland,46.15%,24,52,Texas Children's Houston Open
72,Tyson Alexander,44.23%,23,52,Texas Children's Houston Open
72,Peter Malnati,44.23%,23,52,Texas Children's Houston Open
74,Garrick Higgo,42.31%,22,52,Texas Children's Houston Open
74,Beau Hossler,42.31%,22,52,Texas Children's Houston Open
74,Roger Sloan,42.31%,22,52,Texas Children's Houston Open
77,Scott Gutschewski,40.38%,21,52,Texas Children's Houston Open
78,Alejandro Tosti,38.46%,20,52,Texas Children's Houston Open
78,Jhonattan Vegas,38.46%,20,52,Texas Children's Houston Open
80,Adrien Dumont de Chassart,36.54%,19,52,Texas Children's Houston Open
80,Nick Dunlap,36.54%,19,52,Texas Children's Houston Open
80,Ryan Fox,36.54%,19,52,Texas Children's Houston Open
80,Raul Pereda,36.54%,19,52,Texas Children's Houston Open
1,Adam Svensson,71.15%,37,52,Valspar Championship
2,Jorge Campillo,69.23%,36,52,Valspar Championship
2,Ryo Hisatsune,69.23%,36,52,Valspar Championship
2,Lee Hodges,69.23%,36,52,Valspar Championship
5,Doug Ghim,67.31%,35,52,Valspar Championship
5,Max Greyserman,67.31%,35,52,Valspar Championship
7,Chan Kim,65.38%,34,52,Valspar Championship
7,Seamus Power,65.38%,34,52,Valspar Championship
7,Roger Sloan,65.38%,34,52,Valspar Championship
7,Cameron Young,65.38%,34,52,Valspar Championship
11,Fred Biondi,63.46%,33,52,Valspar Championship
11,Lucas Glover,63.46%,33,52,Valspar Championship
11,Ryan Moore,63.46%,33,52,Valspar Championship
11,Ryan Palmer,63.46%,33,52,Valspar Championship
15,Christiaan Bezuidenhout,61.54%,32,52,Valspar Championship
15,Joel Dahmen,61.54%,32,52,Valspar Championship
15,Chandler Phillips,61.54%,32,52,Valspar Championship
15,Xander Schauffele,61.54%,32,52,Valspar Championship
15,Tom Whitney,61.54%,32,52,Valspar Championship
20,Akshay Bhatia,59.62%,31,52,Valspar Championship
20,Alexander Björk,59.62%,31,52,Valspar Championship
20,Ben Griffin,59.62%,31,52,Valspar Championship
20,Matt Kuchar,59.62%,31,52,Valspar Championship
20,Webb Simpson,59.62%,31,52,Valspar Championship
25,Hayden Buckley,57.69%,30,52,Valspar Championship
25,Keith Mitchell,57.69%,30,52,Valspar Championship
25,Brendon Todd,57.69%,30,52,Valspar Championship
25,Sami Valimaki,57.69%,30,52,Valspar Championship
25,Carson Young,57.69%,30,52,Valspar Championship
25,Carl Yuan,57.69%,30,52,Valspar Championship
31,Adam Hadwin,55.77%,29,52,Valspar Championship
31,K.H. Lee,55.77%,29,52,Valspar Championship
31,Robert MacIntyre,55.77%,29,52,Valspar Championship
31,Sam Ryder,55.77%,29,52,Valspar Championship
31,Sam Stevens,55.77%,29,52,Valspar Championship
31,Kevin Streelman,55.77%,29,52,Valspar Championship
31,Dylan Wu,55.77%,29,52,Valspar Championship
38,Aaron Baddeley,53.85%,28,52,Valspar Championship
38,Kevin Dougherty,53.85%,28,52,Valspar Championship
38,Mackenzie Hughes,53.85%,28,52,Valspar Championship
38,Chez Reavie,53.85%,28,52,Valspar Championship
38,Matti Schmid,53.85%,28,52,Valspar Championship
38,Robby Shelton,53.85%,28,52,Valspar Championship
38,Greyson Sigg,53.85%,28,52,Valspar Championship
38,Scott Stallings,53.85%,28,52,Valspar Championship
,Field Average,53.17%,,,Valspar Championship
46,Thomas Detry,51.92%,27,52,Valspar Championship
46,Rico Hoey,51.92%,27,52,Valspar Championship
46,Peter Malnati,51.92%,27,52,Valspar Championship
46,Ben Martin,51.92%,27,52,Valspar Championship
46,Taylor Moore,51.92%,27,52,Valspar Championship
46,Matt Wallace,51.92%,27,52,Valspar Championship
52,Cameron Champ,50.00%,26,52,Valspar Championship
52,Parker Coody,50.00%,26,52,Valspar Championship
52,Billy Horschel,50.00%,26,52,Valspar Championship
52,Mac Meissner,50.00%,26,52,Valspar Championship
52,Kevin Roy,50.00%,26,52,Valspar Championship
52,Justin Thomas,50.00%,26,52,Valspar Championship
58,Ryan Brehm,48.08%,25,52,Valspar Championship
58,Harry Hall,48.08%,25,52,Valspar Championship
58,Maverick McNealy,48.08%,25,52,Valspar Championship
58,Andrew Novak,48.08%,25,52,Valspar Championship
58,Alejandro Tosti,48.08%,25,52,Valspar Championship
63,Bronson Burgoon,46.15%,24,52,Valspar Championship
63,Stewart Cink,46.15%,24,52,Valspar Championship
63,Eric Cole,46.15%,24,52,Valspar Championship
63,Chris Gotterup,46.15%,24,52,Valspar Championship
63,Adam Schenk,46.15%,24,52,Valspar Championship
68,Joseph Bramlett,44.23%,23,52,Valspar Championship
68,Hayden Springer,44.23%,23,52,Valspar Championship
68,Justin Suh,44.23%,23,52,Valspar Championship
68,Nick Taylor,44.23%,23,52,Valspar Championship
68,Vince Whaley,44.23%,23,52,Valspar Championship
73,Michael Kim,42.31%,22,52,Valspar Championship
74,David Skinns,40.38%,21,52,Valspar Championship
75,Callum Tarren,38.46%,20,52,Valspar Championship
75,Norman Xiong,38.46%,20,52,Valspar Championship
77,S.H. Kim,36.54%,19,52,Valspar Championship
1,Aaron Rai,80.36%,45,56,THE PLAYERS Championship
1,Scottie Scheffler,80.36%,45,56,THE PLAYERS Championship
3,Brice Garnett,78.57%,44,56,THE PLAYERS Championship
4,Tommy Fleetwood,76.79%,43,56,THE PLAYERS Championship
4,Sungjae Im,76.79%,43,56,THE PLAYERS Championship
6,Mark Hubbard,75.00%,42,56,THE PLAYERS Championship
7,Adam Schenk,73.21%,41,56,THE PLAYERS Championship
8,Joel Dahmen,71.43%,40,56,THE PLAYERS Championship
8,Si Woo Kim,71.43%,40,56,THE PLAYERS Championship
8,Ryan Moore,71.43%,40,56,THE PLAYERS Championship
11,Tyler Duncan,69.64%,39,56,THE PLAYERS Championship
11,Matt Fitzpatrick,69.64%,39,56,THE PLAYERS Championship
11,Lee Hodges,69.64%,39,56,THE PLAYERS Championship
11,Nate Lashley,69.64%,39,56,THE PLAYERS Championship
11,Sam Ryder,69.64%,39,56,THE PLAYERS Championship
16,Viktor Hovland,67.86%,38,56,THE PLAYERS Championship
16,Min Woo Lee,67.86%,38,56,THE PLAYERS Championship
16,Shane Lowry,67.86%,38,56,THE PLAYERS Championship
16,Collin Morikawa,67.86%,38,56,THE PLAYERS Championship
16,Matt NeSmith,67.86%,38,56,THE PLAYERS Championship
21,Chris Kirk,66.07%,37,56,THE PLAYERS Championship
21,Martin Laird,66.07%,37,56,THE PLAYERS Championship
21,Taylor Moore,66.07%,37,56,THE PLAYERS Championship
21,Alex Noren,66.07%,37,56,THE PLAYERS Championship
21,J.T. Poston,66.07%,37,56,THE PLAYERS Championship
26,Wyndham Clark,64.29%,36,56,THE PLAYERS Championship
26,Austin Eckroat,64.29%,36,56,THE PLAYERS Championship
26,Doug Ghim,64.29%,36,56,THE PLAYERS Championship
26,Brian Harman,64.29%,36,56,THE PLAYERS Championship
26,Mackenzie Hughes,64.29%,36,56,THE PLAYERS Championship
26,Chan Kim,64.29%,36,56,THE PLAYERS Championship
26,Hideki Matsuyama,64.29%,36,56,THE PLAYERS Championship
26,Maverick McNealy,64.29%,36,56,THE PLAYERS Championship
26,Francesco Molinari,64.29%,36,56,THE PLAYERS Championship
35,Ludvig Åberg,62.50%,35,56,THE PLAYERS Championship
35,Zac Blair,62.50%,35,56,THE PLAYERS Championship
37,Emiliano Grillo,60.71%,34,56,THE PLAYERS Championship
37,Kurt Kitayama,60.71%,34,56,THE PLAYERS Championship
37,Jake Knapp,60.71%,34,56,THE PLAYERS Championship
37,Grayson Murray,60.71%,34,56,THE PLAYERS Championship
37,Seamus Power,60.71%,34,56,THE PLAYERS Championship
37,Sami Valimaki,60.71%,34,56,THE PLAYERS Championship
,Field Average,60.51%,,,THE PLAYERS Championship
43,Jason Day,58.93%,33,56,THE PLAYERS Championship
43,Harris English,58.93%,33,56,THE PLAYERS Championship
43,Taylor Montgomery,58.93%,33,56,THE PLAYERS Championship
43,C.T. Pan,58.93%,33,56,THE PLAYERS Championship
43,Matti Schmid,58.93%,33,56,THE PLAYERS Championship
43,J.J. Spaun,58.93%,33,56,THE PLAYERS Championship
43,Jimmy Stanger,58.93%,33,56,THE PLAYERS Championship
50,Sam Burns,57.14%,32,56,THE PLAYERS Championship
50,Corey Conners,57.14%,32,56,THE PLAYERS Championship
50,Andrew Putnam,57.14%,32,56,THE PLAYERS Championship
50,Xander Schauffele,57.14%,32,56,THE PLAYERS Championship
50,Adam Scott,57.14%,32,56,THE PLAYERS Championship
50,Nick Taylor,57.14%,32,56,THE PLAYERS Championship
50,Dylan Wu,57.14%,32,56,THE PLAYERS Championship
57,Patrick Cantlay,55.36%,31,56,THE PLAYERS Championship
57,Rickie Fowler,55.36%,31,56,THE PLAYERS Championship
57,David Lipsky,55.36%,31,56,THE PLAYERS Championship
57,Ben Martin,55.36%,31,56,THE PLAYERS Championship
57,Denny McCarthy,55.36%,31,56,THE PLAYERS Championship
57,Sepp Straka,55.36%,31,56,THE PLAYERS Championship
57,Sahith Theegala,55.36%,31,56,THE PLAYERS Championship
57,Gary Woodland,55.36%,31,56,THE PLAYERS Championship
57,Cameron Young,55.36%,31,56,THE PLAYERS Championship
66,Christiaan Bezuidenhout,53.57%,30,56,THE PLAYERS Championship
67,Tom Hoge,51.79%,29,56,THE PLAYERS Championship
67,Keith Mitchell,51.79%,29,56,THE PLAYERS Championship
69,Thomas Detry,50.00%,28,56,THE PLAYERS Championship
69,Rory McIlroy,50.00%,28,56,THE PLAYERS Championship
71,Tony Finau,46.43%,26,56,THE PLAYERS Championship
71,Max Homa,46.43%,26,56,THE PLAYERS Championship
73,Peter Malnati,42.86%,24,56,THE PLAYERS Championship
1,Austin Smotherman,76.79%,43,56,Puerto Rico Open
2,Troy Merritt,75.00%,42,56,Puerto Rico Open
3,Brice Garnett,71.43%,40,56,Puerto Rico Open
3,Josh Teater,71.43%,40,56,Puerto Rico Open
5,Cody Gribble,69.64%,39,56,Puerto Rico Open
5,Ben Kohles,69.64%,39,56,Puerto Rico Open
5,Victor Perez,69.64%,39,56,Puerto Rico Open
5,Brian Stuard,69.64%,39,56,Puerto Rico Open
9,Adrien Dumont de Chassart,67.86%,38,56,Puerto Rico Open
9,Tyler Duncan,67.86%,38,56,Puerto Rico Open
9,Ryo Hisatsune,67.86%,38,56,Puerto Rico Open
9,Roger Sloan,67.86%,38,56,Puerto Rico Open
9,Norman Xiong,67.86%,38,56,Puerto Rico Open
14,Sangmoon Bae,66.07%,37,56,Puerto Rico Open
14,Kevin Chappell,66.07%,37,56,Puerto Rico Open
14,Harry Hall,66.07%,37,56,Puerto Rico Open
14,Henrik Norlander,66.07%,37,56,Puerto Rico Open
14,Chris Stroud,66.07%,37,56,Puerto Rico Open
19,Patrick Fishburn,64.29%,36,56,Puerto Rico Open
19,Aaron Rai,64.29%,36,56,Puerto Rico Open
19,Taiga Semikawa,64.29%,36,56,Puerto Rico Open
22,Pierceson Coody,62.50%,35,56,Puerto Rico Open
22,Austin Cook,62.50%,35,56,Puerto Rico Open
22,Zecheng Dou,62.50%,35,56,Puerto Rico Open
22,Jim Herman,62.50%,35,56,Puerto Rico Open
22,Joe Highsmith,62.50%,35,56,Puerto Rico Open
22,Sean O'Hair,62.50%,35,56,Puerto Rico Open
22,Matti Schmid,62.50%,35,56,Puerto Rico Open
22,Jimmy Stanger,62.50%,35,56,Puerto Rico Open
30,Jacob Bridgeman,60.71%,34,56,Puerto Rico Open
30,Tyler Collet,60.71%,34,56,Puerto Rico Open
30,S.Y. Noh,60.71%,34,56,Puerto Rico Open
30,Kyle Stanley,60.71%,34,56,Puerto Rico Open
30,Richy Werenski,60.71%,34,56,Puerto Rico Open
35,Angel Ayora,58.93%,33,56,Puerto Rico Open
35,Aaron Baddeley,58.93%,33,56,Puerto Rico Open
35,Tommy Gainey,58.93%,33,56,Puerto Rico Open
35,Max Greyserman,58.93%,33,56,Puerto Rico Open
35,Evan Harmeling,58.93%,33,56,Puerto Rico Open
35,Mac Meissner,58.93%,33,56,Puerto Rico Open
35,Tom Whitney,58.93%,33,56,Puerto Rico Open
,Field Average,57.72%,,,Puerto Rico Open
42,Erik Barnes,57.14%,32,56,Puerto Rico Open
42,Ryan Brehm,57.14%,32,56,Puerto Rico Open
42,Rico Hoey,57.14%,32,56,Puerto Rico Open
42,Chan Kim,57.14%,32,56,Puerto Rico Open
42,Martin Laird,57.14%,32,56,Puerto Rico Open
42,Ben Silverman,57.14%,32,56,Puerto Rico Open
42,Kevin Streelman,57.14%,32,56,Puerto Rico Open
42,Brandon Wu,57.14%,32,56,Puerto Rico Open
50,Michael Kim,55.36%,31,56,Puerto Rico Open
50,Robert MacIntyre,55.36%,31,56,Puerto Rico Open
50,Ryan McCormick,55.36%,31,56,Puerto Rico Open
50,Scott Piercy,55.36%,31,56,Puerto Rico Open
50,Hayden Springer,55.36%,31,56,Puerto Rico Open
50,Sam Stevens,55.36%,31,56,Puerto Rico Open
50,Kevin Tway,55.36%,31,56,Puerto Rico Open
57,Rafael Campos,53.57%,30,56,Puerto Rico Open
57,Michael Gligic,53.57%,30,56,Puerto Rico Open
57,Ben Martin,53.57%,30,56,Puerto Rico Open
60,Fred Biondi,51.79%,29,56,Puerto Rico Open
60,Nico Echavarria,51.79%,29,56,Puerto Rico Open
60,Chris Nido,51.79%,29,56,Puerto Rico Open
60,Raul Pereda,51.79%,29,56,Puerto Rico Open
60,Jackson Van Paris,51.79%,29,56,Puerto Rico Open
65,Harrison Endycott,50.00%,28,56,Puerto Rico Open
65,Paul Haley II,50.00%,28,56,Puerto Rico Open
65,Garrick Higgo,50.00%,28,56,Puerto Rico Open
65,David Skinns,50.00%,28,56,Puerto Rico Open
69,Joel Dahmen,48.21%,27,56,Puerto Rico Open
70,Ben Griffin,46.43%,26,56,Puerto Rico Open
71,Rasmus Højgaard,44.64%,25,56,Puerto Rico Open
72,Vince Whaley,41.07%,23,56,Puerto Rico Open
1,Will Zalatoris,71.43%,40,56,Arnold Palmer Invitational presented by Mastercard
2,Cam Davis,69.64%,39,56,Arnold Palmer Invitational presented by Mastercard
2,Shane Lowry,69.64%,39,56,Arnold Palmer Invitational presented by Mastercard
2,Grayson Murray,69.64%,39,56,Arnold Palmer Invitational presented by Mastercard
5,Emiliano Grillo,67.86%,38,56,Arnold Palmer Invitational presented by Mastercard
5,Si Woo Kim,67.86%,38,56,Arnold Palmer Invitational presented by Mastercard
5,Sepp Straka,67.86%,38,56,Arnold Palmer Invitational presented by Mastercard
8,Jason Day,66.07%,37,56,Arnold Palmer Invitational presented by Mastercard
8,Rickie Fowler,66.07%,37,56,Arnold Palmer Invitational presented by Mastercard
8,Rory McIlroy,66.07%,37,56,Arnold Palmer Invitational presented by Mastercard
8,Seamus Power,66.07%,37,56,Arnold Palmer Invitational presented by Mastercard
12,Lucas Glover,64.29%,36,56,Arnold Palmer Invitational presented by Mastercard
12,Lee Hodges,64.29%,36,56,Arnold Palmer Invitational presented by Mastercard
12,Tom Hoge,64.29%,36,56,Arnold Palmer Invitational presented by Mastercard
12,Andrew Putnam,64.29%,36,56,Arnold Palmer Invitational presented by Mastercard
12,Jordan Spieth,64.29%,36,56,Arnold Palmer Invitational presented by Mastercard
12,Nick Taylor,64.29%,36,56,Arnold Palmer Invitational presented by Mastercard
12,Sahith Theegala,64.29%,36,56,Arnold Palmer Invitational presented by Mastercard
19,Sam Burns,62.50%,35,56,Arnold Palmer Invitational presented by Mastercard
19,Patrick Cantlay,62.50%,35,56,Arnold Palmer Invitational presented by Mastercard
19,Brian Harman,62.50%,35,56,Arnold Palmer Invitational presented by Mastercard
19,Russell Henley,62.50%,35,56,Arnold Palmer Invitational presented by Mastercard
19,C.T. Pan,62.50%,35,56,Arnold Palmer Invitational presented by Mastercard
19,Webb Simpson,62.50%,35,56,Arnold Palmer Invitational presented by Mastercard
25,Christiaan Bezuidenhout,60.71%,34,56,Arnold Palmer Invitational presented by Mastercard
25,Mackenzie Hughes,60.71%,34,56,Arnold Palmer Invitational presented by Mastercard
25,J.T. Poston,60.71%,34,56,Arnold Palmer Invitational presented by Mastercard
25,Brendon Todd,60.71%,34,56,Arnold Palmer Invitational presented by Mastercard
29,Ludvig Åberg,58.93%,33,56,Arnold Palmer Invitational presented by Mastercard
29,Corey Conners,58.93%,33,56,Arnold Palmer Invitational presented by Mastercard
29,Austin Eckroat,58.93%,33,56,Arnold Palmer Invitational presented by Mastercard
29,Adam Hadwin,58.93%,33,56,Arnold Palmer Invitational presented by Mastercard
29,Viktor Hovland,58.93%,33,56,Arnold Palmer Invitational presented by Mastercard
29,Stephan Jaeger,58.93%,33,56,Arnold Palmer Invitational presented by Mastercard
29,Min Woo Lee,58.93%,33,56,Arnold Palmer Invitational presented by Mastercard
29,Hideki Matsuyama,58.93%,33,56,Arnold Palmer Invitational presented by Mastercard
29,Justin Thomas,58.93%,33,56,Arnold Palmer Invitational presented by Mastercard
,Field Average,58.91%,,,Arnold Palmer Invitational presented by Mastercard
38,Keegan Bradley,57.14%,32,56,Arnold Palmer Invitational presented by Mastercard
38,Luke List,57.14%,32,56,Arnold Palmer Invitational presented by Mastercard
38,Denny McCarthy,57.14%,32,56,Arnold Palmer Invitational presented by Mastercard
38,Scottie Scheffler,57.14%,32,56,Arnold Palmer Invitational presented by Mastercard
42,Eric Cole,55.36%,31,56,Arnold Palmer Invitational presented by Mastercard
42,Harris English,55.36%,31,56,Arnold Palmer Invitational presented by Mastercard
42,Taylor Moore,55.36%,31,56,Arnold Palmer Invitational presented by Mastercard
42,Matthieu Pavon,55.36%,31,56,Arnold Palmer Invitational presented by Mastercard
42,Xander Schauffele,55.36%,31,56,Arnold Palmer Invitational presented by Mastercard
47,Wyndham Clark,53.57%,30,56,Arnold Palmer Invitational presented by Mastercard
47,Chris Kirk,53.57%,30,56,Arnold Palmer Invitational presented by Mastercard
49,Byeong Hun An,51.79%,29,56,Arnold Palmer Invitational presented by Mastercard
49,Sungjae Im,51.79%,29,56,Arnold Palmer Invitational presented by Mastercard
51,Max Homa,50.00%,28,56,Arnold Palmer Invitational presented by Mastercard
51,Justin Lower,50.00%,28,56,Arnold Palmer Invitational presented by Mastercard
53,Nick Dunlap,48.21%,27,56,Arnold Palmer Invitational presented by Mastercard
53,Patrick Rodgers,48.21%,27,56,Arnold Palmer Invitational presented by Mastercard
55,Tom Kim,46.43%,26,56,Arnold Palmer Invitational presented by Mastercard
55,Erik van Rooyen,46.43%,26,56,Arnold Palmer Invitational presented by Mastercard
55,Cameron Young,46.43%,26,56,Arnold Palmer Invitational presented by Mastercard
58,Jake Knapp,41.07%,23,56,Arnold Palmer Invitational presented by Mastercard
1,Zach Johnson,83.93%,47,56,Cognizant Classic in The Palm Beaches
2,Alexander Björk,82.14%,46,56,Cognizant Classic in The Palm Beaches
3,Austin Eckroat,80.36%,45,56,Cognizant Classic in The Palm Beaches
3,Tom Kim,80.36%,45,56,Cognizant Classic in The Palm Beaches
5,David Lipsky,78.57%,44,56,Cognizant Classic in The Palm Beaches
6,Russell Henley,76.79%,43,56,Cognizant Classic in The Palm Beaches
6,Tom Hoge,76.79%,43,56,Cognizant Classic in The Palm Beaches
8,Bud Cauley,75.00%,42,56,Cognizant Classic in The Palm Beaches
8,Shane Lowry,75.00%,42,56,Cognizant Classic in The Palm Beaches
8,C.T. Pan,75.00%,42,56,Cognizant Classic in The Palm Beaches
8,Davis Thompson,75.00%,42,56,Cognizant Classic in The Palm Beaches
8,Carson Young,75.00%,42,56,Cognizant Classic in The Palm Beaches
13,Jake Knapp,73.21%,41,56,Cognizant Classic in The Palm Beaches
13,Rory McIlroy,73.21%,41,56,Cognizant Classic in The Palm Beaches
13,Troy Merritt,73.21%,41,56,Cognizant Classic in The Palm Beaches
13,Keith Mitchell,73.21%,41,56,Cognizant Classic in The Palm Beaches
13,Alex Noren,73.21%,41,56,Cognizant Classic in The Palm Beaches
18,Doug Ghim,71.43%,40,56,Cognizant Classic in The Palm Beaches
18,Andrew Novak,71.43%,40,56,Cognizant Classic in The Palm Beaches
18,Adam Schenk,71.43%,40,56,Cognizant Classic in The Palm Beaches
18,Kevin Yu,71.43%,40,56,Cognizant Classic in The Palm Beaches
22,Corey Conners,69.64%,39,56,Cognizant Classic in The Palm Beaches
22,Maverick McNealy,69.64%,39,56,Cognizant Classic in The Palm Beaches
22,Sam Ryder,69.64%,39,56,Cognizant Classic in The Palm Beaches
22,Greyson Sigg,69.64%,39,56,Cognizant Classic in The Palm Beaches
22,Ben Silverman,69.64%,39,56,Cognizant Classic in The Palm Beaches
27,Lucas Glover,67.86%,38,56,Cognizant Classic in The Palm Beaches
27,Beau Hossler,67.86%,38,56,Cognizant Classic in The Palm Beaches
27,Mark Hubbard,67.86%,38,56,Cognizant Classic in The Palm Beaches
27,K.H. Lee,67.86%,38,56,Cognizant Classic in The Palm Beaches
27,J.T. Poston,67.86%,38,56,Cognizant Classic in The Palm Beaches
27,David Skinns,67.86%,38,56,Cognizant Classic in The Palm Beaches
33,Parker Coody,66.07%,37,56,Cognizant Classic in The Palm Beaches
33,Rickie Fowler,66.07%,37,56,Cognizant Classic in The Palm Beaches
33,Chris Kirk,66.07%,37,56,Cognizant Classic in The Palm Beaches
33,Davis Riley,66.07%,37,56,Cognizant Classic in The Palm Beaches
33,Cameron Young,66.07%,37,56,Cognizant Classic in The Palm Beaches
,Field Average,64.88%,,,Cognizant Classic in The Palm Beaches
38,Martin Laird,64.29%,36,56,Cognizant Classic in The Palm Beaches
38,Min Woo Lee,64.29%,36,56,Cognizant Classic in The Palm Beaches
38,Jimmy Stanger,64.29%,36,56,Cognizant Classic in The Palm Beaches
41,Joseph Bramlett,62.50%,35,56,Cognizant Classic in The Palm Beaches
41,Jorge Campillo,62.50%,35,56,Cognizant Classic in The Palm Beaches
41,Nico Echavarria,62.50%,35,56,Cognizant Classic in The Palm Beaches
41,Matt Fitzpatrick,62.50%,35,56,Cognizant Classic in The Palm Beaches
41,Billy Horschel,62.50%,35,56,Cognizant Classic in The Palm Beaches
41,Chan Kim,62.50%,35,56,Cognizant Classic in The Palm Beaches
41,Peter Malnati,62.50%,35,56,Cognizant Classic in The Palm Beaches
41,Chad Ramey,62.50%,35,56,Cognizant Classic in The Palm Beaches
41,Justin Rose,62.50%,35,56,Cognizant Classic in The Palm Beaches
41,Erik van Rooyen,62.50%,35,56,Cognizant Classic in The Palm Beaches
51,Rico Hoey,60.71%,34,56,Cognizant Classic in The Palm Beaches
51,Vincent Norrman,60.71%,34,56,Cognizant Classic in The Palm Beaches
51,Matthieu Pavon,60.71%,34,56,Cognizant Classic in The Palm Beaches
51,Victor Perez,60.71%,34,56,Cognizant Classic in The Palm Beaches
55,Byeong Hun An,58.93%,33,56,Cognizant Classic in The Palm Beaches
55,Nick Dunlap,58.93%,33,56,Cognizant Classic in The Palm Beaches
55,S.H. Kim,58.93%,33,56,Cognizant Classic in The Palm Beaches
58,Chesson Hadley,57.14%,32,56,Cognizant Classic in The Palm Beaches
58,Camilo Villegas,57.14%,32,56,Cognizant Classic in The Palm Beaches
60,Tyson Alexander,55.36%,31,56,Cognizant Classic in The Palm Beaches
60,Jacob Bridgeman,55.36%,31,56,Cognizant Classic in The Palm Beaches
60,Max Greyserman,55.36%,31,56,Cognizant Classic in The Palm Beaches
60,Robert MacIntyre,55.36%,31,56,Cognizant Classic in The Palm Beaches
60,Mac Meissner,55.36%,31,56,Cognizant Classic in The Palm Beaches
65,Ryan Fox,50.00%,28,56,Cognizant Classic in The Palm Beaches
65,Taylor Montgomery,50.00%,28,56,Cognizant Classic in The Palm Beaches
67,Garrick Higgo,48.21%,27,56,Cognizant Classic in The Palm Beaches
68,Chris Gotterup,39.29%,22,56,Cognizant Classic in The Palm Beaches
1,Aaron Rai,90.38%,47,52,Mexico Open at Vidanta
2,Ben Silverman,84.62%,44,52,Mexico Open at Vidanta
3,Alvaro Ortiz,82.69%,43,52,Mexico Open at Vidanta
3,Dylan Wu,82.69%,43,52,Mexico Open at Vidanta
5,Chan Kim,78.85%,41,52,Mexico Open at Vidanta
5,Ryan Moore,78.85%,41,52,Mexico Open at Vidanta
5,Carson Young,78.85%,41,52,Mexico Open at Vidanta
8,Nico Echavarria,76.92%,40,52,Mexico Open at Vidanta
8,Emiliano Grillo,76.92%,40,52,Mexico Open at Vidanta
8,Troy Merritt,76.92%,40,52,Mexico Open at Vidanta
11,Doug Ghim,75.00%,39,52,Mexico Open at Vidanta
11,Ryan Palmer,75.00%,39,52,Mexico Open at Vidanta
11,Robby Shelton,75.00%,39,52,Mexico Open at Vidanta
11,Jimmy Stanger,75.00%,39,52,Mexico Open at Vidanta
15,Padraig Harrington,73.08%,38,52,Mexico Open at Vidanta
15,C.T. Pan,73.08%,38,52,Mexico Open at Vidanta
15,Erik van Rooyen,73.08%,38,52,Mexico Open at Vidanta
18,Keith Mitchell,71.15%,37,52,Mexico Open at Vidanta
18,Patrick Rodgers,71.15%,37,52,Mexico Open at Vidanta
18,Greyson Sigg,71.15%,37,52,Mexico Open at Vidanta
18,Brandon Wu,71.15%,37,52,Mexico Open at Vidanta
22,Ryo Hisatsune,69.23%,36,52,Mexico Open at Vidanta
22,Justin Lower,69.23%,36,52,Mexico Open at Vidanta
22,Robert MacIntyre,69.23%,36,52,Mexico Open at Vidanta
22,Chandler Phillips,69.23%,36,52,Mexico Open at Vidanta
22,Chad Ramey,69.23%,36,52,Mexico Open at Vidanta
22,Hayden Springer,69.23%,36,52,Mexico Open at Vidanta
28,Aaron Baddeley,67.31%,35,52,Mexico Open at Vidanta
28,Erik Barnes,67.31%,35,52,Mexico Open at Vidanta
28,Rafael Campos,67.31%,35,52,Mexico Open at Vidanta
28,Santiago De la Fuente,67.31%,35,52,Mexico Open at Vidanta
28,Austin Eckroat,67.31%,35,52,Mexico Open at Vidanta
28,Mark Hubbard,67.31%,35,52,Mexico Open at Vidanta
28,Jake Knapp,67.31%,35,52,Mexico Open at Vidanta
28,Carl Yuan,67.31%,35,52,Mexico Open at Vidanta
,Field Average,65.72%,,,Mexico Open at Vidanta
36,Stuart Macdonald,65.38%,34,52,Mexico Open at Vidanta
36,Andrew Novak,65.38%,34,52,Mexico Open at Vidanta
36,Victor Perez,65.38%,34,52,Mexico Open at Vidanta
36,Sami Valimaki,65.38%,34,52,Mexico Open at Vidanta
40,Cameron Champ,63.46%,33,52,Mexico Open at Vidanta
40,Cristobal Del Solar,63.46%,33,52,Mexico Open at Vidanta
40,Kevin Dougherty,63.46%,33,52,Mexico Open at Vidanta
40,Lanto Griffin,63.46%,33,52,Mexico Open at Vidanta
40,Chesson Hadley,63.46%,33,52,Mexico Open at Vidanta
40,James Hahn,63.46%,33,52,Mexico Open at Vidanta
40,Davis Thompson,63.46%,33,52,Mexico Open at Vidanta
47,Stephan Jaeger,61.54%,32,52,Mexico Open at Vidanta
47,Maverick McNealy,61.54%,32,52,Mexico Open at Vidanta
47,Henrik Norlander,61.54%,32,52,Mexico Open at Vidanta
47,Austin Smotherman,61.54%,32,52,Mexico Open at Vidanta
47,Jhonattan Vegas,61.54%,32,52,Mexico Open at Vidanta
52,Joseph Bramlett,59.62%,31,52,Mexico Open at Vidanta
52,Jorge Campillo,59.62%,31,52,Mexico Open at Vidanta
52,Trace Crowe,59.62%,31,52,Mexico Open at Vidanta
52,Tony Finau,59.62%,31,52,Mexico Open at Vidanta
52,Nicolai Højgaard,59.62%,31,52,Mexico Open at Vidanta
57,Parker Coody,57.69%,30,52,Mexico Open at Vidanta
57,Ryan McCormick,57.69%,30,52,Mexico Open at Vidanta
59,Wilson Furr,55.77%,29,52,Mexico Open at Vidanta
59,Martin Trainer,55.77%,29,52,Mexico Open at Vidanta
59,Matt Wallace,55.77%,29,52,Mexico Open at Vidanta
62,Garrick Higgo,53.85%,28,52,Mexico Open at Vidanta
62,Thorbjørn Olesen,53.85%,28,52,Mexico Open at Vidanta
64,Harry Hall,51.92%,27,52,Mexico Open at Vidanta
65,MJ Daffue,50.00%,26,52,Mexico Open at Vidanta
1,Harris English,67.86%,38,56,The Genesis Invitational
1,Lucas Glover,67.86%,38,56,The Genesis Invitational
1,Adam Hadwin,67.86%,38,56,The Genesis Invitational
4,Lee Hodges,64.29%,36,56,The Genesis Invitational
4,J.T. Poston,64.29%,36,56,The Genesis Invitational
6,Sam Burns,62.50%,35,56,The Genesis Invitational
6,Si Woo Kim,62.50%,35,56,The Genesis Invitational
6,Scottie Scheffler,62.50%,35,56,The Genesis Invitational
6,Adam Svensson,62.50%,35,56,The Genesis Invitational
6,Brendon Todd,62.50%,35,56,The Genesis Invitational
11,Christiaan Bezuidenhout,60.71%,34,56,The Genesis Invitational
11,Corey Conners,60.71%,34,56,The Genesis Invitational
11,Brian Harman,60.71%,34,56,The Genesis Invitational
11,Rory McIlroy,60.71%,34,56,The Genesis Invitational
15,Emiliano Grillo,58.93%,33,56,The Genesis Invitational
15,Max Homa,58.93%,33,56,The Genesis Invitational
15,Tom Kim,58.93%,33,56,The Genesis Invitational
15,Andrew Putnam,58.93%,33,56,The Genesis Invitational
15,Xander Schauffele,58.93%,33,56,The Genesis Invitational
20,Eric Cole,57.14%,32,56,The Genesis Invitational
20,Mackenzie Hughes,57.14%,32,56,The Genesis Invitational
20,Cameron Young,57.14%,32,56,The Genesis Invitational
20,Will Zalatoris,57.14%,32,56,The Genesis Invitational
24,Tony Finau,55.36%,31,56,The Genesis Invitational
24,Tommy Fleetwood,55.36%,31,56,The Genesis Invitational
24,Hideki Matsuyama,55.36%,31,56,The Genesis Invitational
24,Nick Taylor,55.36%,31,56,The Genesis Invitational
,Field Average,53.78%,,,The Genesis Invitational
28,Byeong Hun An,51.79%,29,56,The Genesis Invitational
28,Cam Davis,51.79%,29,56,The Genesis Invitational
28,Rickie Fowler,51.79%,29,56,The Genesis Invitational
28,Russell Henley,51.79%,29,56,The Genesis Invitational
28,Tom Hoge,51.79%,29,56,The Genesis Invitational
28,Beau Hossler,51.79%,29,56,The Genesis Invitational
28,Collin Morikawa,51.79%,29,56,The Genesis Invitational
28,Seamus Power,51.79%,29,56,The Genesis Invitational
28,Sahith Theegala,51.79%,29,56,The Genesis Invitational
28,Gary Woodland,51.79%,29,56,The Genesis Invitational
38,Ludvig Åberg,50.00%,28,56,The Genesis Invitational
38,Viktor Hovland,50.00%,28,56,The Genesis Invitational
38,Chase Johnson,50.00%,28,56,The Genesis Invitational
38,Denny McCarthy,50.00%,28,56,The Genesis Invitational
42,Patrick Cantlay,48.21%,27,56,The Genesis Invitational
43,Ben Griffin,46.43%,26,56,The Genesis Invitational
43,Luke List,46.43%,26,56,The Genesis Invitational
45,Charley Hoffman,44.64%,25,56,The Genesis Invitational
45,Sungjae Im,44.64%,25,56,The Genesis Invitational
45,Taylor Moore,44.64%,25,56,The Genesis Invitational
48,Jason Day,42.86%,24,56,The Genesis Invitational
48,Nicolai Højgaard,42.86%,24,56,The Genesis Invitational
48,Kurt Kitayama,42.86%,24,56,The Genesis Invitational
48,Adam Scott,42.86%,24,56,The Genesis Invitational
1,Nicolo Galletti,76.79%,43,56,WM Phoenix Open
1,Matt NeSmith,76.79%,43,56,WM Phoenix Open
3,Si Woo Kim,75.00%,42,56,WM Phoenix Open
4,Corey Conners,73.21%,41,56,WM Phoenix Open
5,Joel Dahmen,71.43%,40,56,WM Phoenix Open
5,Doug Ghim,71.43%,40,56,WM Phoenix Open
5,Alex Noren,71.43%,40,56,WM Phoenix Open
8,Zac Blair,69.64%,39,56,WM Phoenix Open
8,Harris English,69.64%,39,56,WM Phoenix Open
8,Brian Harman,69.64%,39,56,WM Phoenix Open
11,Daniel Berger,67.86%,38,56,WM Phoenix Open
11,Sam Burns,67.86%,38,56,WM Phoenix Open
11,Adrien Dumont de Chassart,67.86%,38,56,WM Phoenix Open
11,Tyler Duncan,67.86%,38,56,WM Phoenix Open
11,Matt Fitzpatrick,67.86%,38,56,WM Phoenix Open
11,Shane Lowry,67.86%,38,56,WM Phoenix Open
17,Charley Hoffman,66.07%,37,56,WM Phoenix Open
17,Beau Hossler,66.07%,37,56,WM Phoenix Open
17,Brendon Todd,66.07%,37,56,WM Phoenix Open
20,Emiliano Grillo,64.29%,36,56,WM Phoenix Open
20,Nick Taylor,64.29%,36,56,WM Phoenix Open
20,Jhonattan Vegas,64.29%,36,56,WM Phoenix Open
23,Hayden Buckley,62.50%,35,56,WM Phoenix Open
23,Thomas Detry,62.50%,35,56,WM Phoenix Open
23,Ben Griffin,62.50%,35,56,WM Phoenix Open
23,Martin Laird,62.50%,35,56,WM Phoenix Open
23,Adam Scott,62.50%,35,56,WM Phoenix Open
23,Jordan Spieth,62.50%,35,56,WM Phoenix Open
23,Cameron Young,62.50%,35,56,WM Phoenix Open
30,Tyson Alexander,60.71%,34,56,WM Phoenix Open
30,Nick Hardy,60.71%,34,56,WM Phoenix Open
30,Billy Horschel,60.71%,34,56,WM Phoenix Open
30,Mark Hubbard,60.71%,34,56,WM Phoenix Open
30,Scottie Scheffler,60.71%,34,56,WM Phoenix Open
30,Sam Stevens,60.71%,34,56,WM Phoenix Open
30,Justin Suh,60.71%,34,56,WM Phoenix Open
37,Bud Cauley,58.93%,33,56,WM Phoenix Open
37,S.H. Kim,58.93%,33,56,WM Phoenix Open
37,Denny McCarthy,58.93%,33,56,WM Phoenix Open
37,Maverick McNealy,58.93%,33,56,WM Phoenix Open
37,Sahith Theegala,58.93%,33,56,WM Phoenix Open
,Field Average,58.61%,,,WM Phoenix Open
42,Aaron Baddeley,57.14%,32,56,WM Phoenix Open
42,Eric Cole,57.14%,32,56,WM Phoenix Open
42,Jim Knous,57.14%,32,56,WM Phoenix Open
42,Keith Mitchell,57.14%,32,56,WM Phoenix Open
42,Jesse Mueller,57.14%,32,56,WM Phoenix Open
42,Adam Schenk,57.14%,32,56,WM Phoenix Open
42,Sami Valimaki,57.14%,32,56,WM Phoenix Open
49,Tom Hoge,55.36%,31,56,WM Phoenix Open
49,Hideki Matsuyama,55.36%,31,56,WM Phoenix Open
49,Andrew Novak,55.36%,31,56,WM Phoenix Open
52,Garrick Higgo,53.57%,30,56,WM Phoenix Open
52,Sungjae Im,53.57%,30,56,WM Phoenix Open
52,Zach Johnson,53.57%,30,56,WM Phoenix Open
52,Kurt Kitayama,53.57%,30,56,WM Phoenix Open
52,Davis Thompson,53.57%,30,56,WM Phoenix Open
52,Matt Wallace,53.57%,30,56,WM Phoenix Open
52,Carson Young,53.57%,30,56,WM Phoenix Open
59,Christiaan Bezuidenhout,51.79%,29,56,WM Phoenix Open
59,Taylor Montgomery,51.79%,29,56,WM Phoenix Open
59,Taylor Moore,51.79%,29,56,WM Phoenix Open
59,Seamus Power,51.79%,29,56,WM Phoenix Open
59,Robby Shelton,51.79%,29,56,WM Phoenix Open
59,Justin Thomas,51.79%,29,56,WM Phoenix Open
65,Min Woo Lee,50.00%,28,56,WM Phoenix Open
65,Justin Lower,50.00%,28,56,WM Phoenix Open
67,Byeong Hun An,48.21%,27,56,WM Phoenix Open
67,Tom Kim,48.21%,27,56,WM Phoenix Open
69,Kevin Chappell,46.43%,26,56,WM Phoenix Open
69,Harry Hall,46.43%,26,56,WM Phoenix Open
69,Jake Knapp,46.43%,26,56,WM Phoenix Open
72,Ryan Fox,44.64%,25,56,WM Phoenix Open
73,Wyndham Clark,42.86%,24,56,WM Phoenix Open
1,Denny McCarthy,85.71%,36,42,AT&T Pebble Beach Pro-Am
2,Matt Fitzpatrick,80.95%,34,42,AT&T Pebble Beach Pro-Am
2,Sepp Straka,80.95%,34,42,AT&T Pebble Beach Pro-Am
2,Brendon Todd,80.95%,34,42,AT&T Pebble Beach Pro-Am
5,Keith Mitchell,78.57%,33,42,AT&T Pebble Beach Pro-Am
6,Tommy Fleetwood,76.19%,32,42,AT&T Pebble Beach Pro-Am
6,Chris Kirk,76.19%,32,42,AT&T Pebble Beach Pro-Am
6,J.T. Poston,76.19%,32,42,AT&T Pebble Beach Pro-Am
6,Webb Simpson,76.19%,32,42,AT&T Pebble Beach Pro-Am
10,Emiliano Grillo,73.81%,31,42,AT&T Pebble Beach Pro-Am
10,Brian Harman,73.81%,31,42,AT&T Pebble Beach Pro-Am
10,Nicolai Højgaard,73.81%,31,42,AT&T Pebble Beach Pro-Am
10,Tom Kim,73.81%,31,42,AT&T Pebble Beach Pro-Am
10,Hideki Matsuyama,73.81%,31,42,AT&T Pebble Beach Pro-Am
10,Davis Riley,73.81%,31,42,AT&T Pebble Beach Pro-Am
10,Sam Ryder,73.81%,31,42,AT&T Pebble Beach Pro-Am
17,Corey Conners,71.43%,30,42,AT&T Pebble Beach Pro-Am
17,Tony Finau,71.43%,30,42,AT&T Pebble Beach Pro-Am
17,Russell Henley,71.43%,30,42,AT&T Pebble Beach Pro-Am
17,Rory McIlroy,71.43%,30,42,AT&T Pebble Beach Pro-Am
17,Collin Morikawa,71.43%,30,42,AT&T Pebble Beach Pro-Am
17,J.J. Spaun,71.43%,30,42,AT&T Pebble Beach Pro-Am
17,Brandon Wu,71.43%,30,42,AT&T Pebble Beach Pro-Am
17,Cameron Young,71.43%,30,42,AT&T Pebble Beach Pro-Am
25,Ludvig Åberg,69.05%,29,42,AT&T Pebble Beach Pro-Am
25,Eric Cole,69.05%,29,42,AT&T Pebble Beach Pro-Am
25,Thomas Detry,69.05%,29,42,AT&T Pebble Beach Pro-Am
25,Adam Hadwin,69.05%,29,42,AT&T Pebble Beach Pro-Am
25,Mark Hubbard,69.05%,29,42,AT&T Pebble Beach Pro-Am
25,Si Woo Kim,69.05%,29,42,AT&T Pebble Beach Pro-Am
25,Grayson Murray,69.05%,29,42,AT&T Pebble Beach Pro-Am
25,Jordan Spieth,69.05%,29,42,AT&T Pebble Beach Pro-Am
33,Christiaan Bezuidenhout,66.67%,28,42,AT&T Pebble Beach Pro-Am
33,Keegan Bradley,66.67%,28,42,AT&T Pebble Beach Pro-Am
33,Hayden Buckley,66.67%,28,42,AT&T Pebble Beach Pro-Am
33,Sam Burns,66.67%,28,42,AT&T Pebble Beach Pro-Am
33,Lucas Glover,66.67%,28,42,AT&T Pebble Beach Pro-Am
33,Sungjae Im,66.67%,28,42,AT&T Pebble Beach Pro-Am
33,Peter Malnati,66.67%,28,42,AT&T Pebble Beach Pro-Am
33,Alex Noren,66.67%,28,42,AT&T Pebble Beach Pro-Am
33,Seamus Power,66.67%,28,42,AT&T Pebble Beach Pro-Am
33,Adam Scott,66.67%,28,42,AT&T Pebble Beach Pro-Am
33,Alex Smalley,66.67%,28,42,AT&T Pebble Beach Pro-Am
33,Kevin Yu,66.67%,28,42,AT&T Pebble Beach Pro-Am
,Field Average,65.15%,,,AT&T Pebble Beach Pro-Am
45,Wyndham Clark,64.29%,27,42,AT&T Pebble Beach Pro-Am
45,Harris English,64.29%,27,42,AT&T Pebble Beach Pro-Am
45,Tom Hoge,64.29%,27,42,AT&T Pebble Beach Pro-Am
45,Max Homa,64.29%,27,42,AT&T Pebble Beach Pro-Am
45,Viktor Hovland,64.29%,27,42,AT&T Pebble Beach Pro-Am
45,Matthieu Pavon,64.29%,27,42,AT&T Pebble Beach Pro-Am
45,Andrew Putnam,64.29%,27,42,AT&T Pebble Beach Pro-Am
45,Adam Schenk,64.29%,27,42,AT&T Pebble Beach Pro-Am
53,Lee Hodges,61.90%,26,42,AT&T Pebble Beach Pro-Am
53,Nick Taylor,61.90%,26,42,AT&T Pebble Beach Pro-Am
53,Erik van Rooyen,61.90%,26,42,AT&T Pebble Beach Pro-Am
56,Xander Schauffele,59.52%,25,42,AT&T Pebble Beach Pro-Am
56,Scottie Scheffler,59.52%,25,42,AT&T Pebble Beach Pro-Am
56,Adam Svensson,59.52%,25,42,AT&T Pebble Beach Pro-Am
56,Justin Thomas,59.52%,25,42,AT&T Pebble Beach Pro-Am
60,Patrick Cantlay,57.14%,24,42,AT&T Pebble Beach Pro-Am
60,Jason Day,57.14%,24,42,AT&T Pebble Beach Pro-Am
60,Rickie Fowler,57.14%,24,42,AT&T Pebble Beach Pro-Am
60,Kurt Kitayama,57.14%,24,42,AT&T Pebble Beach Pro-Am
60,Luke List,57.14%,24,42,AT&T Pebble Beach Pro-Am
60,Maverick McNealy,57.14%,24,42,AT&T Pebble Beach Pro-Am
66,Cam Davis,54.76%,23,42,AT&T Pebble Beach Pro-Am
66,Nick Dunlap,54.76%,23,42,AT&T Pebble Beach Pro-Am
66,Ben Griffin,54.76%,23,42,AT&T Pebble Beach Pro-Am
66,Beau Hossler,54.76%,23,42,AT&T Pebble Beach Pro-Am
66,Matt Kuchar,54.76%,23,42,AT&T Pebble Beach Pro-Am
66,Patrick Rodgers,54.76%,23,42,AT&T Pebble Beach Pro-Am
66,Justin Rose,54.76%,23,42,AT&T Pebble Beach Pro-Am
73,Nick Hardy,52.38%,22,42,AT&T Pebble Beach Pro-Am
73,Taylor Montgomery,52.38%,22,42,AT&T Pebble Beach Pro-Am
73,Taylor Moore,52.38%,22,42,AT&T Pebble Beach Pro-Am
73,Sahith Theegala,52.38%,22,42,AT&T Pebble Beach Pro-Am
77,Stephan Jaeger,50.00%,21,42,AT&T Pebble Beach Pro-Am
78,Mackenzie Hughes,47.62%,20,42,AT&T Pebble Beach Pro-Am
78,S.H. Kim,47.62%,20,42,AT&T Pebble Beach Pro-Am
80,Byeong Hun An,40.48%,17,42,AT&T Pebble Beach Pro-Am
1,Zac Blair,78.57%,44,56,Farmers Insurance Open
2,Ben Silverman,76.79%,43,56,Farmers Insurance Open
3,Aaron Rai,71.43%,40,56,Farmers Insurance Open
4,Alexander Björk,69.64%,39,56,Farmers Insurance Open
4,Adam Schenk,69.64%,39,56,Farmers Insurance Open
6,Akshay Bhatia,67.86%,38,56,Farmers Insurance Open
6,Justin Lower,67.86%,38,56,Farmers Insurance Open
6,Shane Lowry,67.86%,38,56,Farmers Insurance Open
6,Taiga Semikawa,67.86%,38,56,Farmers Insurance Open
10,Nate Lashley,66.07%,37,56,Farmers Insurance Open
10,Xander Schauffele,66.07%,37,56,Farmers Insurance Open
10,Dylan Wu,66.07%,37,56,Farmers Insurance Open
13,Mark Hubbard,64.29%,36,56,Farmers Insurance Open
13,Justin Rose,64.29%,36,56,Farmers Insurance Open
13,Sahith Theegala,64.29%,36,56,Farmers Insurance Open
16,Doug Ghim,62.50%,35,56,Farmers Insurance Open
16,Francesco Molinari,62.50%,35,56,Farmers Insurance Open
16,Matthieu Pavon,62.50%,35,56,Farmers Insurance Open
16,Carson Young,62.50%,35,56,Farmers Insurance Open
20,Jacob Bridgeman,60.71%,34,56,Farmers Insurance Open
20,Justin Suh,60.71%,34,56,Farmers Insurance Open
22,Rafael Campos,58.93%,33,56,Farmers Insurance Open
22,Emiliano Grillo,58.93%,33,56,Farmers Insurance Open
22,Vincent Norrman,58.93%,33,56,Farmers Insurance Open
22,Patrick Rodgers,58.93%,33,56,Farmers Insurance Open
22,Robby Shelton,58.93%,33,56,Farmers Insurance Open
22,Sami Valimaki,58.93%,33,56,Farmers Insurance Open
22,Tom Whitney,58.93%,33,56,Farmers Insurance Open
22,Will Zalatoris,58.93%,33,56,Farmers Insurance Open
30,Aaron Baddeley,57.14%,32,56,Farmers Insurance Open
30,Austin Eckroat,57.14%,32,56,Farmers Insurance Open
30,Ryo Hisatsune,57.14%,32,56,Farmers Insurance Open
30,Tom Hoge,57.14%,32,56,Farmers Insurance Open
30,Ben Martin,57.14%,32,56,Farmers Insurance Open
30,Kevin Yu,57.14%,32,56,Farmers Insurance Open
36,Ludvig Åberg,55.36%,31,56,Farmers Insurance Open
36,Erik Barnes,55.36%,31,56,Farmers Insurance Open
36,Bronson Burgoon,55.36%,31,56,Farmers Insurance Open
36,Adrien Dumont de Chassart,55.36%,31,56,Farmers Insurance Open
36,Max Homa,55.36%,31,56,Farmers Insurance Open
36,Hayden Springer,55.36%,31,56,Farmers Insurance Open
,Field Average,55.33%,,,Farmers Insurance Open
42,Keegan Bradley,53.57%,30,56,Farmers Insurance Open
42,Patrick Cantlay,53.57%,30,56,Farmers Insurance Open
42,Thomas Detry,53.57%,30,56,Farmers Insurance Open
42,Luke List,53.57%,30,56,Farmers Insurance Open
42,Maverick McNealy,53.57%,30,56,Farmers Insurance Open
42,Chandler Phillips,53.57%,30,56,Farmers Insurance Open
48,Parker Coody,51.79%,29,56,Farmers Insurance Open
48,Nicolai Højgaard,51.79%,29,56,Farmers Insurance Open
50,Trace Crowe,50.00%,28,56,Farmers Insurance Open
50,Tony Finau,50.00%,28,56,Farmers Insurance Open
50,Stephan Jaeger,50.00%,28,56,Farmers Insurance Open
50,Michael Kim,50.00%,28,56,Farmers Insurance Open
50,Taylor Montgomery,50.00%,28,56,Farmers Insurance Open
50,Taylor Pendrith,50.00%,28,56,Farmers Insurance Open
56,Tyson Alexander,48.21%,27,56,Farmers Insurance Open
56,Joseph Bramlett,48.21%,27,56,Farmers Insurance Open
56,Harris English,48.21%,27,56,Farmers Insurance Open
56,Chesson Hadley,48.21%,27,56,Farmers Insurance Open
56,Jake Knapp,48.21%,27,56,Farmers Insurance Open
56,Taylor Moore,48.21%,27,56,Farmers Insurance Open
56,Chad Ramey,48.21%,27,56,Farmers Insurance Open
56,Alejandro Tosti,48.21%,27,56,Farmers Insurance Open
64,Kevin Dougherty,46.43%,26,56,Farmers Insurance Open
64,Chris Gotterup,46.43%,26,56,Farmers Insurance Open
64,Min Woo Lee,46.43%,26,56,Farmers Insurance Open
64,Hideki Matsuyama,46.43%,26,56,Farmers Insurance Open
64,Brandt Snedeker,46.43%,26,56,Farmers Insurance Open
64,Scott Stallings,46.43%,26,56,Farmers Insurance Open
70,Lanto Griffin,44.64%,25,56,Farmers Insurance Open
70,Nick Hardy,44.64%,25,56,Farmers Insurance Open
70,Joe Highsmith,44.64%,25,56,Farmers Insurance Open
70,Charley Hoffman,44.64%,25,56,Farmers Insurance Open
70,S.H. Kim,44.64%,25,56,Farmers Insurance Open
70,Sam Stevens,44.64%,25,56,Farmers Insurance Open
76,Ryan Brehm,42.86%,24,56,Farmers Insurance Open
76,Beau Hossler,42.86%,24,56,Farmers Insurance Open
78,Mackenzie Hughes,41.07%,23,56,Farmers Insurance Open
79,Ben Taylor,35.71%,20,56,Farmers Insurance Open
1,Aaron Rai,75.00%,42,56,Sony Open in Hawaii
2,Austin Eckroat,73.21%,41,56,Sony Open in Hawaii
3,Zac Blair,71.43%,40,56,Sony Open in Hawaii
3,Billy Horschel,71.43%,40,56,Sony Open in Hawaii
3,Si Woo Kim,71.43%,40,56,Sony Open in Hawaii
6,Eric Cole,69.64%,39,56,Sony Open in Hawaii
6,Patton Kizzire,69.64%,39,56,Sony Open in Hawaii
6,Alex Noren,69.64%,39,56,Sony Open in Hawaii
6,Andrew Putnam,69.64%,39,56,Sony Open in Hawaii
6,Brendon Todd,69.64%,39,56,Sony Open in Hawaii
11,Tyler Duncan,67.86%,38,56,Sony Open in Hawaii
11,Harris English,67.86%,38,56,Sony Open in Hawaii
11,Grayson Murray,67.86%,38,56,Sony Open in Hawaii
11,Carl Yuan,67.86%,38,56,Sony Open in Hawaii
15,Akshay Bhatia,66.07%,37,56,Sony Open in Hawaii
15,Corey Conners,66.07%,37,56,Sony Open in Hawaii
15,Nico Echavarria,66.07%,37,56,Sony Open in Hawaii
15,Lanto Griffin,66.07%,37,56,Sony Open in Hawaii
15,Emiliano Grillo,66.07%,37,56,Sony Open in Hawaii
15,Ben Kohles,66.07%,37,56,Sony Open in Hawaii
15,Robby Shelton,66.07%,37,56,Sony Open in Hawaii
15,Brandon Wu,66.07%,37,56,Sony Open in Hawaii
23,Joel Dahmen,64.29%,36,56,Sony Open in Hawaii
23,Will Gordon,64.29%,36,56,Sony Open in Hawaii
23,Stephan Jaeger,64.29%,36,56,Sony Open in Hawaii
23,Greyson Sigg,64.29%,36,56,Sony Open in Hawaii
23,Adam Svensson,64.29%,36,56,Sony Open in Hawaii
23,Dylan Wu,64.29%,36,56,Sony Open in Hawaii
29,Keegan Bradley,62.50%,35,56,Sony Open in Hawaii
29,Troy Merritt,62.50%,35,56,Sony Open in Hawaii
29,Justin Rose,62.50%,35,56,Sony Open in Hawaii
29,Taiga Semikawa,62.50%,35,56,Sony Open in Hawaii
33,Byeong Hun An,60.71%,34,56,Sony Open in Hawaii
33,Justin Lower,60.71%,34,56,Sony Open in Hawaii
33,Seamus Power,60.71%,34,56,Sony Open in Hawaii
33,Martin Trainer,60.71%,34,56,Sony Open in Hawaii
37,Cam Davis,58.93%,33,56,Sony Open in Hawaii
37,Russell Henley,58.93%,33,56,Sony Open in Hawaii
37,K.H. Lee,58.93%,33,56,Sony Open in Hawaii
37,Alejandro Tosti,58.93%,33,56,Sony Open in Hawaii
37,Norman Xiong,58.93%,33,56,Sony Open in Hawaii
42,Chris Kirk,57.14%,32,56,Sony Open in Hawaii
42,Chandler Phillips,57.14%,32,56,Sony Open in Hawaii
42,J.T. Poston,57.14%,32,56,Sony Open in Hawaii
,Field Average,56.84%,,,Sony Open in Hawaii
45,Mark Hubbard,55.36%,31,56,Sony Open in Hawaii
45,Yuto Katsuragawa,55.36%,31,56,Sony Open in Hawaii
45,Luke List,55.36%,31,56,Sony Open in Hawaii
45,Hideki Matsuyama,55.36%,31,56,Sony Open in Hawaii
45,Taylor Montgomery,55.36%,31,56,Sony Open in Hawaii
50,Tyrrell Hatton,53.57%,30,56,Sony Open in Hawaii
50,S.H. Kim,53.57%,30,56,Sony Open in Hawaii
50,Kurt Kitayama,53.57%,30,56,Sony Open in Hawaii
50,Ben Silverman,53.57%,30,56,Sony Open in Hawaii
50,Erik van Rooyen,53.57%,30,56,Sony Open in Hawaii
55,Ludvig Åberg,51.79%,29,56,Sony Open in Hawaii
55,Joseph Bramlett,51.79%,29,56,Sony Open in Hawaii
55,Harry Hall,51.79%,29,56,Sony Open in Hawaii
55,Garrick Higgo,51.79%,29,56,Sony Open in Hawaii
55,Ryo Hisatsune,51.79%,29,56,Sony Open in Hawaii
55,Michael Kim,51.79%,29,56,Sony Open in Hawaii
55,Patrick Rodgers,51.79%,29,56,Sony Open in Hawaii
55,Davis Thompson,51.79%,29,56,Sony Open in Hawaii
63,Ben Griffin,50.00%,28,56,Sony Open in Hawaii
63,Nick Hardy,50.00%,28,56,Sony Open in Hawaii
63,Maverick McNealy,50.00%,28,56,Sony Open in Hawaii
63,Webb Simpson,50.00%,28,56,Sony Open in Hawaii
63,Scott Stallings,50.00%,28,56,Sony Open in Hawaii
68,Stewart Cink,48.21%,27,56,Sony Open in Hawaii
68,Charley Hoffman,48.21%,27,56,Sony Open in Hawaii
68,Denny McCarthy,48.21%,27,56,Sony Open in Hawaii
68,Nick Taylor,48.21%,27,56,Sony Open in Hawaii
72,Brian Harman,46.43%,26,56,Sony Open in Hawaii
72,Jake Knapp,46.43%,26,56,Sony Open in Hawaii
72,Keith Mitchell,46.43%,26,56,Sony Open in Hawaii
72,Matthieu Pavon,46.43%,26,56,Sony Open in Hawaii
76,Parker Coody,44.64%,25,56,Sony Open in Hawaii
76,Matt NeSmith,44.64%,25,56,Sony Open in Hawaii
78,Sam Stevens,41.07%,23,56,Sony Open in Hawaii
78,Matt Wallace,41.07%,23,56,Sony Open in Hawaii
80,Robert MacIntyre,39.29%,22,56,Sony Open in Hawaii
80,Taylor Pendrith,39.29%,22,56,Sony Open in Hawaii
1,Andrew Putnam,73.33%,44,60,The Sentry
2,Lucas Glover,70.00%,42,60,The Sentry
2,Emiliano Grillo,70.00%,42,60,The Sentry
2,Nick Hardy,70.00%,42,60,The Sentry
2,Collin Morikawa,70.00%,42,60,The Sentry
6,Harris English,68.33%,41,60,The Sentry
7,Adam Svensson,66.67%,40,60,The Sentry
7,Brendon Todd,66.67%,40,60,The Sentry
9,Corey Conners,65.00%,39,60,The Sentry
9,Russell Henley,65.00%,39,60,The Sentry
9,Seamus Power,65.00%,39,60,The Sentry
12,Brian Harman,63.33%,38,60,The Sentry
12,Taylor Moore,63.33%,38,60,The Sentry
14,Eric Cole,61.67%,37,60,The Sentry
14,Nico Echavarria,61.67%,37,60,The Sentry
14,Max Homa,61.67%,37,60,The Sentry
14,Si Woo Kim,61.67%,37,60,The Sentry
14,Tom Kim,61.67%,37,60,The Sentry
14,Denny McCarthy,61.67%,37,60,The Sentry
14,J.T. Poston,61.67%,37,60,The Sentry
14,Justin Rose,61.67%,37,60,The Sentry
14,Adam Schenk,61.67%,37,60,The Sentry
14,Sepp Straka,61.67%,37,60,The Sentry
24,Jason Day,60.00%,36,60,The Sentry
24,Tommy Fleetwood,60.00%,36,60,The Sentry
24,Adam Hadwin,60.00%,36,60,The Sentry
24,Lee Hodges,60.00%,36,60,The Sentry
24,Kurt Kitayama,60.00%,36,60,The Sentry
24,Nick Taylor,60.00%,36,60,The Sentry
,Field Average,58.59%,,,The Sentry
30,Ludvig Åberg,58.33%,35,60,The Sentry
30,Tony Finau,58.33%,35,60,The Sentry
30,Sungjae Im,58.33%,35,60,The Sentry
30,Chris Kirk,58.33%,35,60,The Sentry
34,Akshay Bhatia,56.67%,34,60,The Sentry
34,Tom Hoge,56.67%,34,60,The Sentry
34,Hideki Matsuyama,56.67%,34,60,The Sentry
34,Sahith Theegala,56.67%,34,60,The Sentry
34,Erik van Rooyen,56.67%,34,60,The Sentry
39,Byeong Hun An,55.00%,33,60,The Sentry
39,Patrick Cantlay,55.00%,33,60,The Sentry
39,Matt Fitzpatrick,55.00%,33,60,The Sentry
39,Rickie Fowler,55.00%,33,60,The Sentry
39,Tyrrell Hatton,55.00%,33,60,The Sentry
39,Vincent Norrman,55.00%,33,60,The Sentry
39,Davis Riley,55.00%,33,60,The Sentry
39,Xander Schauffele,55.00%,33,60,The Sentry
39,Cameron Young,55.00%,33,60,The Sentry
48,Cam Davis,53.33%,32,60,The Sentry
48,Scottie Scheffler,53.33%,32,60,The Sentry
50,Viktor Hovland,51.67%,31,60,The Sentry
50,Luke List,51.67%,31,60,The Sentry
50,Camilo Villegas,51.67%,31,60,The Sentry
53,Sam Burns,50.00%,30,60,The Sentry
53,Jordan Spieth,50.00%,30,60,The Sentry
53,Matt Wallace,50.00%,30,60,The Sentry
56,Keegan Bradley,48.33%,29,60,The Sentry
57,Wyndham Clark,46.67%,28,60,The Sentry
57,Mackenzie Hughes,46.67%,28,60,The Sentry
59,Patrick Rodgers,38.33%,23,60,The Sentry
